fecha,index,Dia juliano,U,TA1,HR1,TA3,HR3,TA4,HR4,RG,e0,ea,Ra,Rnc,RS0,Tmin,Tmax,Rnl
2018-04-04,3882.5,94.0,4.318611111111113,22.172222222222217,62.91361111111111,22.298055555555553,64.43833333333333,22.33638888888889,63.267222222222216,140.21430555555554,2.740193068937818,1.6590730831888414,32.59725303843212,107.96501527777778,24.447939778824097,11.670000000000003,26.470000000000017,875548.0054574113
2018-04-05,3948.5,95.0,4.168552083333334,18.21947916666667,69.15614583333334,18.4478125,69.75031250000002,18.41822916666666,69.12166666666667,163.43806250000006,2.155350253069901,1.4501307209512306,32.770458182944964,125.847308125,24.577843637208797,9.610000000000012,26.460000000000026,991698.1842544246
2018-04-06,4044.5,96.0,5.150125,15.22145833333333,60.44333333333332,15.308854166666658,61.216562500000016,15.398958333333335,59.933958333333344,51.521687500000006,1.7509500158275113,1.0423812695940775,32.93855683509613,39.671699374999996,24.70391762632202,5.937999999999992,22.369999999999944,156676.1773588191
2018-04-07,4140.5,97.0,1.4053125,16.49447916666666,79.66854166666666,16.5384375,79.35729166666668,16.707187499999996,79.2414583333333,147.39418749999996,1.9142524693732794,1.5017161548023548,33.10154606804691,113.49352437499994,24.826159551035243,8.53999999999999,26.369999999999937,874797.4124753334
2018-04-08,4236.5,98.0,0.37142708333333346,16.242499999999996,81.87864583333332,16.358437499999994,81.52729166666667,16.44708333333333,81.76333333333336,124.66191666666663,1.9293481859533728,1.5246402589113703,33.259427990282795,95.98967583333327,24.94457099271207,9.879999999999997,22.77999999999999,409690.47024791106
2018-04-09,4332.5,,0.0,18.49041666666666,81.88770833333332,18.4871875,81.66437499999999,18.713645833333327,81.87218750000001,123.6079479166667,2.20047260977922,1.75761146897658,,95.17811989583329,,,,
2018-04-10,4428.5,100.0,0.0,21.236666666666665,85.85802083333333,21.203749999999992,86.5177083333333,21.40114583333334,85.60135416666667,41.11689583333335,2.5538794984005055,2.1830842426374457,33.55990327092591,31.66000979166667,25.16992745319435,15.0,26.289999999999974,209120.141412711
2018-04-11,4524.5,101.0,0.27129166666666665,18.57614583333334,88.09812500000002,18.65770833333334,60.04447916666664,18.785000000000004,87.03302083333334,15.884718750000005,2.180886166970158,1.8919210730467826,33.70252564107842,12.2312334375,25.276894230808875,13.210000000000017,22.69000000000004,32995.998358571
2018-04-12,4620.5,102.0,0.8064375,14.343125,65.36416666666668,14.422916666666666,10.22540625,14.541874999999997,65.0028125,150.39286458333336,1.673573258516808,1.0609765338823511,33.840098618674936,115.8025057291667,25.380073964006257,6.127999999999997,19.15000000000003,261724.82242720702
2018-04-13,4716.5,103.0,1.280635416666667,12.221979166666669,66.6086458333333,12.208302083333331,31.25270833333333,12.45148958333334,66.16260416666668,194.56417708333333,1.4785530289524493,0.9305437352068816,33.97264879103148,149.8144163541667,25.47948659327358,7.610999999999993,23.730000000000015,807539.2132209834
2018-04-14,4812.5,104.0,0.9794166666666667,13.520708333333337,73.37822916666667,13.238166666666666,54.49639583333333,13.7535625,72.80906250000005,151.18726041666665,1.6193648986078835,1.124861828674407,34.10020746499517,116.4141905208333,25.57515559874642,7.847999999999993,22.269999999999985,468660.89162382676
2018-04-15,4908.5,105.0,0.011291666666666667,16.613229166666667,75.77197916666667,16.702395833333338,59.265291666666684,16.841041666666666,75.34958333333331,186.63465625000015,1.983207695957791,1.4120868375238855,34.22281059611021,143.70868531249994,25.66710794708256,9.490000000000007,23.64000000000003,708968.5612234822
2018-04-16,5004.5,106.0,0.021677083333333333,18.648854166666666,80.29427083333331,18.8378125,58.848166666666685,18.869375,80.15833333333333,155.51838541666663,2.217829825878033,1.7289979100715085,34.34049871267231,119.74915677083335,25.755374034504218,5.302999999999998,24.670000000000034,652526.718406695
2018-04-17,5100.5,107.0,0.0,20.35791666666666,76.00864583333333,20.60854166666667,76.64666666666665,20.536562500000006,75.94718750000001,164.69678125000004,2.478486462441793,1.8076868893810403,34.45331683471806,126.81652156250003,25.83998762603855,13.14000000000001,27.84999999999995,1163103.2742837127
2018-04-18,5196.5,108.0,0.0,17.20427083333333,86.38229166666667,17.474791666666672,84.24177083333335,17.42104166666667,85.57187499999999,49.75559374999998,1.991568121796667,1.7051217952765239,34.56131438799216,38.3118071875,25.920985790994095,11.450000000000019,24.880000000000063,205233.9564174962
2018-04-19,5292.5,109.0,0.0,20.427604166666672,84.28541666666668,20.78260416666667,81.67833333333333,20.64822916666667,84.20354166666671,129.83121875000003,2.4560358317299467,2.0339277596735594,34.664545112941006,99.97003843749998,25.99840883470569,13.559999999999967,25.730000000000015,660313.1865882227
2018-04-20,5388.5,110.0,0.0,21.386875000000003,80.5240625,21.524166666666662,71.11500000000002,21.617500000000003,80.71427083333332,143.6483229166667,2.657026353489098,2.062402186881748,34.763066968786944,110.60920864583333,26.07230022659024,9.860000000000012,29.07999999999996,1098543.3331759057
2018-04-21,5484.5,111.0,0.0,19.67229166666667,85.35312500000002,19.78666666666666,84.98739583333334,19.90791666666667,85.40552083333331,174.5901145833334,2.3540715214107166,1.9821997271565455,34.85694203273453,134.43438822916667,26.14270652455089,6.1360000000000054,24.429999999999996,672517.6862603273
2018-04-22,5580.5,112.0,0.0,20.397812500000004,87.97041666666668,20.6684375,87.84395833333336,20.61760416666667,87.36208333333333,50.53031249999997,2.43383235055514,2.121636002828859,34.94623639436655,38.908340625,26.209677295774828,7.294999999999992,23.230000000000015,142785.54936629816
2018-04-23,5676.5,113.0,0.4884166666666667,17.2309375,81.38031249999997,17.506770833333334,48.465479166666675,17.452395833333338,80.99427083333335,97.22520833333341,2.0018184523711784,1.6276170628370936,35.0310200452906,74.86341041666668,26.27326503396806,5.24900000000001,20.25,183854.49270898066
2018-04-24,5772.5,114.0,0.0,16.208437500000002,72.98927083333332,16.35333333333333,51.34260416666668,16.43927083333334,73.08895833333332,74.65923958333332,1.8797800850056692,1.3696844377586315,35.111366764098,57.487614479166645,26.333525073073535,6.649,19.13000000000005,112103.22886683424
2018-04-25,5868.5,115.0,0.0,18.52114583333334,86.7052083333334,18.782395833333332,66.30697916666664,18.753750000000004,86.21937499999997,81.95136458333334,2.173426469766429,1.8632489282891067,35.18735399669787,63.10255072916669,26.390515497523392,11.210000000000015,22.67000000000003,238316.05690922038
2018-04-26,5964.5,116.0,0.5569375,18.579687499999995,90.50729166666669,18.89072916666666,43.01770833333333,18.789374999999996,89.66145833333331,27.003499999999985,2.1765863865359028,1.9470271482851567,35.259062732097256,20.792695,26.444297049072873,13.809999999999967,20.75,49964.399705832126
2018-04-27,6060.5,117.0,0.0183936170212766,18.064787234042548,86.33531914893616,18.241702127659565,28.722446808510643,18.27840425531915,85.01244680851063,13.116691489361704,2.12726769585342,1.8124869892116011,35.32657737369485,10.099852446808514,26.494933030271152,11.610000000000001,21.730000000000015,17491.986651982315
2018-04-28,6156.5,118.0,0.0,14.169479166666674,77.43645833333333,14.376354166666673,27.549208333333322,14.428125000000001,76.97197916666671,106.78759375,1.6598161020064666,1.2533540718503595,35.38998560616448,82.22644718749997,26.542489204623365,9.019999999999989,23.35999999999997,371245.55554591847
2018-04-29,6252.5,119.0,0.0,16.23010416666666,85.82354166666671,16.519375,240.18499999999997,16.492187499999993,84.88364583333333,38.51120833333332,1.8819322606730555,1.5984558217945228,35.44937825800071,29.653630416666672,26.587033693500555,7.330000000000008,19.779999999999976,57324.420980857685
2018-04-30,6348.5,120.0,0.004885416666666667,14.22020833333333,67.64729166666665,14.421562499999999,244.1461458333334,14.460833333333333,67.07781250000001,138.5030416666667,1.655239683900823,1.1135548172059029,35.50484915981189,106.64734208333334,26.628636869858884,3.863999999999995,17.980000000000015,175979.27474961395
2018-05-01,6444.5,121.0,0.0,12.265416666666665,63.12760416666665,12.350000000000001,61.01009375000003,12.500520833333335,62.72875000000001,144.38352083333334,1.455350372445188,0.9035065994276898,35.55649499844049,111.17531104166663,26.667371248830435,7.346999999999988,19.230000000000015,247666.18546228297
2018-05-02,6540.5,122.0,0.0,15.769583333333339,80.65489583333333,15.556874999999998,59.33909374999998,16.046041666666667,80.2059375,108.24543750000008,1.8590334596554186,1.4702232986471386,35.60441516700075,83.348986875,26.703311375250497,10.870000000000003,20.45000000000003,225163.02433828506
2018-05-03,6636.5,123.0,0.0,16.667916666666656,85.15750000000004,16.74135416666667,60.50718749999999,16.979270833333338,84.90916666666668,98.56057291666669,1.952975533122545,1.6355650373425794,35.64871161092609,75.89164114583332,26.736533708194646,11.159999999999995,21.259999999999994,232830.39094734867
2018-05-04,6732.5,124.0,0.0,14.577291666666666,74.82281250000001,14.625520833333333,36.96451041666666,14.861770833333336,74.55187500000001,58.088864583333354,1.6982121743266705,1.2589708144011509,35.6894886701248,44.72842572916665,26.767116502593595,9.740000000000007,18.440000000000037,78032.13818145369
2018-05-05,6828.5,125.0,0.0,14.659270833333336,54.8059375,14.8021875,29.22346875,14.884270833333332,54.48395833333334,111.08445833333333,1.6969471135795224,0.9179235058089148,35.72685291734648,85.53503291666664,26.795139688009836,10.789999999999985,18.619999999999955,178659.07686490146
2018-05-06,6924.5,126.0,0.0,16.258229166666666,84.056875,16.26114583333334,69.71020833333334,16.54395833333333,83.48687500000001,83.1849583333333,1.8996912950815446,1.5761375727975535,35.76091299287068,64.05241791666666,26.820684744653096,5.685999999999994,20.769999999999985,162549.75073892684
2018-05-07,7020.5,127.0,0.0,17.417395833333327,82.65760416666669,17.58552083333333,65.94945833333334,17.712499999999995,82.43583333333335,128.10398958333334,2.0551850938753513,1.6547588416491852,35.79177943563549,98.64007197916662,26.843834576726707,3.685000000000002,22.849999999999962,378231.79126376245
2018-05-08,7116.5,128.0,0.0,18.238958333333333,85.54208333333331,18.458854166666672,63.485833333333346,18.530937500000004,84.87031250000004,52.23005208333331,2.1386334165573273,1.809853162212575,35.819564510928,40.21714010416666,26.86467338319594,7.966999999999992,20.519999999999985,92526.6670507641
2018-05-09,7212.5,129.0,0.0,18.43052083333333,86.61395833333336,18.62510416666667,41.15869791666667,18.72260416666666,86.26052083333336,85.86087500000001,2.1697704396401583,1.856771564124041,35.84438203477297,66.11287374999998,26.88328652607974,9.399999999999986,22.589999999999975,236858.23144846034
2018-05-10,7308.5,130.0,0.0,15.952916666666674,89.69239583333336,16.02364583333334,42.826624999999986,16.22729166666667,89.38093750000002,107.50593750000006,1.8607656006060898,1.6549641903594159,35.86634719516227,82.779571875,26.899760396371715,12.27999999999998,20.779999999999976,237127.80468636754
2018-05-11,7404.5,131.0,0.0,16.144895833333333,79.17052083333334,16.343125000000004,29.572552083333346,16.4121875,78.71854166666665,105.8355625000001,1.882748338868586,1.4613490813892742,35.885576370274386,81.493383125,26.91418227770572,8.470000000000018,20.680000000000017,220891.71413877027
2018-05-12,7500.5,132.0,0.0,11.870604166666668,72.84510416666667,11.965510416666673,30.87728125,12.15659375,72.0494791666667,151.09892708333325,1.465989291903896,0.9769211588366661,35.90218694385066,116.34617385416664,26.926640207887928,6.672000000000014,23.210000000000022,532038.8400389542
2018-05-13,7596.5,133.0,0.0,11.176947916666668,79.45499999999996,11.279104166666668,50.072302083333334,11.465052083333335,78.57187499999999,139.5346354166667,1.3901392974667814,1.053846828520751,35.91629711790298,107.44166927083326,26.93722283842722,5.449000000000008,17.91000000000003,169871.05524630524
2018-05-14,7692.5,134.0,0.0,14.170520833333336,87.5914583333333,14.298541666666665,84.27104166666666,14.474687500000002,86.90083333333335,42.78315625000001,1.6630661551702184,1.4368758935072456,35.92802572293749,32.94303031249999,26.946019292203164,6.575000000000003,17.710000000000022,41728.2866626631
2018-05-15,7788.5,135.0,0.0,10.912791666666669,73.91499999999999,11.039239583333332,74.44208333333333,11.208541666666664,73.0411458333333,139.08919791666673,1.3623405049691895,0.9474650923847859,35.937492025898464,107.09868239583335,26.95311901942387,5.052999999999998,18.890000000000036,215024.35128751106
2018-05-16,7884.5,136.0,0.0,10.069458333333335,74.09645833333333,10.072166666666666,75.2211458333333,10.349697916666665,73.36927083333335,97.19312500000001,1.2731025623867394,0.9093911004170372,35.94481553604418,74.83870624999999,26.958611652033138,5.714000000000003,21.18000000000002,231833.6199101021
2018-05-17,7980.5,137.0,0.0,8.423802083333335,88.1604166666667,8.519697916666669,88.13958333333336,8.715218749999996,86.74479166666664,31.189354166666664,1.1328843568752958,0.9811586878149265,35.950115808984584,24.01580270833334,26.962586856738366,5.214999999999989,21.410000000000036,63132.16963820983
2018-05-18,8076.5,138.0,0.08244444444444445,9.617333333333335,88.372,9.817333333333334,87.93377777777776,9.920888888888891,87.22822222222223,50.05291111111111,1.2236449096502784,1.0653884601258057,35.953512249126035,38.540741555555556,26.965134186844505,8.69000000000002,18.690000000000037,67447.89050257584
2018-05-19,8172.5,139.0,,,,,,,,,,,,,,7.29600000000001,15.400000000000018,
2018-05-20,8268.5,140.0,,,,,,,,,,,,,,5.088000000000008,15.380000000000031,
2018-05-21,8364.5,141.0,,,,,,,,,,,,,,10.899999999999986,13.429999999999994,
2018-05-22,8460.5,142.0,,,,,,,,,,,,,,3.456000000000001,14.950000000000026,
2018-05-23,8556.5,143.0,,,,,,,,,,,,,,0.9509999999999983,18.420000000000023,
2018-05-24,8652.5,144.0,,,,,,,,,,,,,,3.1279999999999917,19.779999999999976,
2018-05-25,8748.5,145.0,,,,,,,,,,,,,,6.095000000000014,19.740000000000006,
2018-05-26,8844.5,146.0,,,,,,,,,,,,,,7.980000000000011,15.160000000000018,
2018-05-27,8940.5,147.0,,,,,,,,,,,,,,5.017999999999987,14.64000000000002,
2018-05-28,9036.5,148.0,,,,,,,,,,,,,,3.279999999999996,18.809999999999963,
2018-05-29,9132.5,149.0,,,,,,,,,,,,,,3.865000000000005,12.660000000000004,
2018-05-30,9228.5,150.0,,,,,,,,,,,,,,3.526000000000005,11.600000000000007,
2018-05-31,9324.5,151.0,,,,,,,,,,,,,,2.801999999999999,12.299999999999978,
2018-06-01,9420.5,152.0,,,,,,,,,,,,,,4.550000000000007,16.359999999999975,
2018-06-02,9516.5,153.0,,,,,,,,,,,,,,5.875,19.490000000000006,
2018-06-03,9612.5,154.0,,,,,,,,,,,,,,5.005999999999987,17.799999999999972,
2018-06-04,9708.5,155.0,,,,,,,,,,,,,,3.8480000000000083,18.019999999999985,
2018-06-05,9804.5,156.0,2.1819830508474576,7.055508474576272,76.92847457627123,6.999525423728815,77.09677966101697,7.278084745762712,75.52711864406778,131.91871186440676,1.0356761464189388,0.761790916978334,35.81904769291122,101.57740813559325,26.864285769683416,3.553999999999995,17.039999999999978,136646.00384252504
2018-06-06,9900.5,157.0,2.9989583333333343,7.5163125000000015,81.5820833333333,7.57202083333333,81.32281249999996,7.72798958333333,80.34854166666668,100.31390625000004,1.0886442507498162,0.8412460899495992,35.807299012374195,77.24170781249998,26.855474259280665,2.0039999999999982,14.470000000000022,51823.30597406021
2018-06-07,9996.5,158.0,5.346135416666665,8.413291666666668,78.08260416666668,8.470093749999998,78.62552083333333,8.639208333333332,77.01229166666671,96.03559375000005,1.1266125941921763,0.8633105506414642,35.7956977470294,73.94740718750002,26.846773310272052,4.47000000000001,10.759999999999993,15863.438471514668
2018-06-08,10092.5,159.0,4.264531249999998,7.443739583333333,73.37343750000001,7.470885416666665,73.91364583333332,7.6400208333333355,72.15250000000002,78.7674479166667,1.0806637745856909,0.7549990585293868,35.784315119677,60.65093489583333,26.838236339757717,2.0980000000000043,14.119999999999976,37264.46011303755
2018-06-09,10188.5,160.0,1.9022708333333336,7.562187499999998,77.72947916666665,7.403229166666665,77.85187499999999,7.768947916666666,76.18135416666665,86.85160416666668,1.0812092821030814,0.7885340921662016,35.773218146245306,66.87573520833335,26.829913609683945,3.3779999999999917,14.339999999999987,44243.68784939638
2018-06-10,10284.5,161.0,1.5469479166666658,11.90375,89.94895833333335,11.890520833333335,89.70937499999998,12.119479166666665,89.36770833333334,31.601531249999994,1.4198559639350072,1.266417556614558,35.76246950333601,24.333179062500008,26.82185212750206,9.690000000000024,15.099999999999985,17789.640093873273
2018-06-11,10380.5,162.0,4.9696458333333355,11.949895833333336,81.63677083333336,12.01208333333333,82.2659375,12.158437499999993,81.16416666666663,20.35759375,1.4180843057924235,1.1508365037101134,35.7521274038853,15.675347187499995,26.814095552913884,10.870000000000003,13.049999999999978,7151.992043726938
2018-06-12,10476.5,163.0,8.2881875,10.5159375,83.7459375,10.629062499999998,83.45927083333335,10.802395833333334,82.31343749999998,13.25805208333333,1.2971656443668682,1.0673564468418324,35.74224548134911,10.208700104166669,26.80668411101186,9.639999999999988,12.210000000000017,2396.426925357384
2018-06-13,10572.5,164.0,4.9550375,7.9116750000000025,74.102,7.883549999999997,74.70275000000001,8.1451375,73.0805,79.36067499999996,1.0946041897925214,0.7865065661063255,35.732872682799965,61.107719750000015,26.79965451209996,3.685000000000002,10.860000000000008,13278.127222209354
2018-06-14,10668.5,165.0,2.5154871794871787,6.0678717948717935,82.84179487179486,6.039576923076923,82.57230769230769,6.293923076923078,80.995641025641,99.07537179487174,0.9655229162754998,0.7704705223609423,35.72405317129459,76.28803628205128,26.793039878470893,3.170999999999997,10.480000000000013,14456.725917577884
2018-06-15,10764.5,166.0,1.895384615384616,5.367065934065934,80.10043956043955,4.966263736263737,77.62236263736264,5.5783076923076935,78.15450549450551,112.23770329670333,0.9314252392851045,0.703900876655258,35.71582623785332,86.42303153846154,26.7868696783899,1.341999999999999,11.259999999999993,21998.436038361935
2018-06-16,10860.5,167.0,3.435427083333332,4.526270833333331,80.59406250000002,4.31246875,74.33582291666666,4.734760416666666,78.69781250000001,120.36678124999999,0.8858992197249796,0.6680176601541848,35.70822622335251,92.68242156249994,26.78116966751439,-0.75,10.879999999999997,20841.738671242518
2018-06-17,10956.5,168.0,6.049739583333334,7.799760416666666,72.4708333333333,7.849604166666669,67.64374999999998,8.003916666666667,71.58229166666669,110.36021874999999,1.0922593209828615,0.7669691125136947,35.701282450609135,84.97736843749999,26.775961837956853,4.127000000000005,13.02999999999998,39142.338193595984
2018-06-18,11052.5,169.0,4.681541666666667,8.900864583333336,74.93916666666664,8.955093749999998,75.3014583333333,9.11001041666667,74.07197916666667,114.52148958333335,1.1837385653556491,0.8484691019048554,35.69501916689555,88.18154697916667,26.771264375171555,4.473000000000009,15.799999999999974,86683.82152121903
2018-06-19,11148.5,170.0,4.083395833333335,9.874010416666666,77.22125000000001,9.905010416666665,77.65604166666668,10.08585416666667,76.35625000000002,98.98479166666675,1.2634813522052364,0.9335175444454209,35.68945549709077,76.21828958333337,26.76709162281804,6.067000000000006,16.85999999999997,95427.92224510178
2018-06-20,11244.5,171.0,1.9820000000000002,9.212020833333336,85.80333333333333,8.96509375,85.22645833333333,9.444395833333333,84.84354166666667,110.3733854166667,1.2165146321747378,1.0032528354508206,35.684605407636006,84.98750677083332,26.763454055726967,4.476,15.730000000000013,78735.77168289945
2018-06-21,11340.5,172.0,5.524218749999998,8.5883125,62.985833333333325,8.565468749999999,64.19437499999998,8.800354166666668,62.30843749999999,109.06723958333338,1.150529225517053,0.6915971454926079,35.680477681421955,83.9817744791667,26.760358261066397,3.327999999999997,13.349999999999994,43422.400058716485
2018-06-22,11436.5,173.0,4.742677083333334,7.339520833333336,66.35218750000001,7.3278854166666685,67.02739583333332,7.524614583333335,65.25447916666668,103.93322916666665,1.0927428213420314,0.6658422266608293,35.67707590369631,80.02858645833332,26.75780692777229,0.6139999999999991,15.349999999999982,71156.45103418427
2018-06-23,11532.5,174.0,5.236427083333335,5.8903750000000015,74.39749999999998,5.872666666666664,74.06822916666665,6.092041666666668,72.79572916666666,98.49382291666667,0.9587317575247992,0.6721301310637097,35.67439845904108,75.84024364583333,26.75579884428075,2.538000000000004,11.450000000000019,20991.600719794867
2018-06-24,11628.5,175.0,4.132364583333334,3.5651041666666665,61.26197916666666,3.555927083333335,61.51374999999999,3.755718749999998,59.512708333333336,119.8552083333334,0.8201120319104535,0.4562302208356803,35.67243853942195,92.28851041666665,26.75432890456655,-0.977999999999999,10.059999999999976,16133.664843656472
2018-06-25,11724.5,176.0,4.088708333333332,3.5582291666666674,67.8896875,3.490239583333332,67.77614583333333,3.7476458333333347,66.13541666666667,106.77796875000007,0.8328604918305867,0.5277200239771767,35.671184163279996,82.21903593749998,26.753388122459913,-1.3179999999999985,12.480000000000013,32645.70342943561
2018-06-26,11820.5,177.0,3.138927083333335,7.983291666666666,67.86343750000003,7.925218749999998,68.45989583333336,8.165385416666668,66.73020833333335,70.79989583333331,1.1372892222092483,0.7061450622990092,35.6706182055833,54.515919791666676,26.752963654187486,1.510000000000001,16.430000000000007,61302.233552151185
2018-06-27,11916.5,178.0,3.421250000000001,10.588864583333331,71.64062500000001,10.549677083333334,72.53697916666665,10.76746875,71.11041666666667,78.53032291666665,1.3189716564797784,0.9031292248091499,35.67071843872838,60.468348645833316,26.753038829046364,6.1680000000000055,16.93000000000001,76885.76949195126
2018-06-28,12012.5,179.0,1.6341770833333342,8.975989583333329,71.2878125,8.583760416666669,71.23852631578949,9.13383333333333,70.0963541666667,98.35396875000004,1.202449314394593,0.7739072174895644,35.67145758412915,75.7325559375,26.753593188096875,2.880999999999998,16.75,92636.90954983015
2018-06-29,12108.5,180.0,1.6005729166666667,9.053281249999998,92.63541666666663,8.852624999999998,89.26979166666666,9.248500000000002,92.09479166666672,41.21231249999998,1.1717444480832593,1.0790715988357842,35.67280337430215,31.733480625000002,26.754602530726654,6.913000000000007,11.330000000000013,7878.656899574034
2018-06-30,12204.5,181.0,3.402229166666665,7.58553125,92.64583333333333,7.760656249999997,89.12208333333331,7.7700208333333345,91.91145833333333,71.33690624999998,1.0591962002636823,0.9713260008371485,35.674718625216876,54.92941781250002,26.756038968912616,5.848000000000005,9.919999999999984,8776.613468594942
2018-07-01,12300.5,182.0,2.4196874999999998,9.271208333333332,91.01666666666671,9.395687499999998,87.690625,9.442010416666667,90.19791666666667,31.90997916666666,1.1870666600302002,1.067443100181551,35.677161318641645,24.570683958333333,26.75787098898127,7.009999999999994,11.5,6155.822477759421
2018-07-02,12396.5,183.0,4.174072916666665,8.029239583333334,80.75500000000002,7.998333333333336,78.23739583333331,8.195697916666665,79.61572916666665,71.09825263157896,1.097793028203103,0.8757206869176106,35.68008469418975,54.745654526315775,26.760063520642372,3.564999999999998,10.519999999999987,10340.686746677235
2018-07-03,12492.5,184.0,3.1318645833333334,4.997875,69.89375,4.905406250000001,67.26156250000003,5.161072916666666,68.27562499999998,59.42953684210525,0.8898184573340068,0.5932416165414652,35.6834373507327,45.76074336842107,26.76257801304956,2.276000000000003,8.94000000000002,4553.514546081888
2018-07-04,12588.5,185.0,1.4937916666666664,4.590208333333332,77.24520833333332,4.512583333333334,74.05406250000003,4.756427083333334,75.37031250000001,63.03807291666663,0.8724977407991324,0.6395415560361329,35.687163356824875,48.53931614583331,26.765372517618733,0.4819999999999995,9.03999999999999,4978.9200613742
2018-07-05,12684.5,186.0,0.9701354166666665,6.4296041666666675,79.09666666666669,6.307541666666666,76.57781249999998,6.593947916666664,77.65552083333334,49.85805208333338,0.9805710303422708,0.7524278725999669,35.691202369755636,38.39070010416666,26.768401777316754,4.492999999999996,10.240000000000007,6425.2313318131155
2018-07-06,12780.5,187.0,3.5435208333333352,8.383927083333337,77.2329166666667,8.029979166666669,75.31447916666666,8.539395833333334,76.38583333333335,80.61486458333333,1.1210202246604009,0.8504446857235446,35.69548976282327,62.07344572916667,26.771617322117432,5.285000000000011,10.730000000000011,13308.788072877398
2018-07-07,12876.5,188.0,4.468572916666664,10.113020833333335,86.31124999999999,10.082916666666666,83.87156249999998,10.278854166666665,85.12208333333331,17.467395833333338,1.2514228241593468,1.0653503333099545,35.69995676040512,13.44989479166667,26.774967570303797,9.5,10.92999999999998,2925.810448654954
2018-07-08,12972.5,189.0,3.6474999999999995,9.417708333333337,75.3075,9.425322916666673,72.87385416666665,9.586572916666666,74.64999999999999,70.08229166666668,1.1963206403726117,0.892778051708346,35.70453058038359,53.96336458333334,26.778397935287703,7.096000000000003,11.039999999999985,14146.653207165735
2018-07-09,13068.5,190.0,1.7886249999999997,6.727760416666668,74.95979166666665,6.390791666666668,72.79979166666666,6.894208333333339,73.61927083333333,61.442135416666645,1.0057130625654938,0.7229778671231472,35.70913458347115,47.310444270833365,26.78185093760339,3.096000000000003,11.380000000000004,12093.279739262327
2018-07-10,13164.5,191.0,3.221486111111111,6.679138888888889,74.71847222222225,6.530722222222223,71.72402777777775,6.859805555555555,73.32583333333334,151.28805555555567,1.011735430043677,0.7143639227079023,35.71368842896772,116.49180277777775,26.78526632172584,0.4829999999999994,10.950000000000019,27372.975660868724
2018-07-11,13260.5,192.0,3.4448229166666677,7.527010416666665,84.59729166666666,7.532166666666664,81.33645833333333,7.722229166666665,83.42489583333334,96.5988020833334,1.0750059796167348,0.870566591127914,35.71810823647912,74.38107760416672,26.7885811773594,3.0509999999999935,13.480000000000013,37588.94645825866
2018-07-12,13356.5,193.0,5.114385416666665,9.263156250000002,81.66958333333334,9.303197916666667,78.61864583333333,9.452364583333333,80.85052083333333,87.6335416666667,1.1988616722020191,0.952213593858208,35.72230675311585,67.47782708333331,26.791730064836887,5.567999999999994,13.559999999999967,35298.73480088111
2018-07-13,13452.5,194.0,2.3338750000000004,10.689312499999998,77.5428125,10.723385416666668,75.00541666666665,10.8723125,76.89041666666668,65.00523958333335,1.3260687938825606,0.9933132420484538,35.72619352569301,50.05403447916666,26.79464514426977,6.421000000000004,16.140000000000025,50872.02853117793
2018-07-14,13548.5,195.0,3.7223645833333325,10.752395833333333,82.73354166666667,10.704083333333328,80.30229166666668,10.939177083333334,82.03718749999999,41.64843749999999,1.3184387356324097,1.07080699730621,35.72967507745082,32.069296875000006,26.79725630808815,7.801000000000008,14.720000000000022,21673.161224187712
2018-07-15,13644.5,196.0,2.1379888888888887,7.170911111111112,79.8896666666667,6.846611111111111,78.01577777777776,7.354722222222222,78.73533333333337,54.992022222222225,1.0378227053419704,0.812225542708524,35.73265508882011,42.343857111111106,26.799491316615057,3.025000000000001,10.990000000000007,8936.119735108417
2018-07-16,13740.5,197.0,2.4811212121212116,6.287727272727271,70.10818181818179,5.861909090909093,68.50696969696969,6.4747121212121215,68.84939393939392,96.15749999999993,0.9744855305573035,0.6577743975298055,35.73503458176018,74.04127500000003,26.801275936320106,4.230000000000005,9.700000000000015,10856.194994310157
2018-07-17,13836.5,198.0,3.6807261904761903,8.788178571428572,78.2990476190476,8.88535714285714,75.04333333333335,8.96122619047619,77.50785714285713,110.77741666666667,1.1563112798628348,0.9009177997159387,35.73671210720807,85.29861083333336,26.80253408040607,5.170000000000004,11.440000000000028,23490.320193669682
2018-07-18,13932.5,199.0,6.655302083333333,10.202499999999995,91.421875,10.3321875,88.90625,10.470416666666665,90.49687499999993,20.17048958333333,1.2674533449272554,1.1470415097365028,35.73758393518312,15.531276979166671,26.803187951387372,9.919999999999984,11.289999999999985,4226.677295256741
2018-07-19,14028.5,200.0,2.8247804878048783,11.750975609756098,91.99268292682927,11.89609756097561,89.40731707317074,12.02170731707317,89.78780487804883,25.280341463414615,1.4049947974613406,1.261369531141829,35.737544247106165,19.465862926829267,26.80315818532964,11.10000000000001,12.700000000000022,9172.56831459074
2018-07-20,14124.5,201.0,5.870625,9.215388888888887,83.74444444444443,9.35472222222222,80.73236111111112,9.446805555555553,81.6602777777778,86.73154166666667,1.1919265854805052,0.9703624534937048,35.73648532990337,66.78328708333328,26.802363997427573,5.399,12.070000000000013,22293.616554007695
2018-07-21,14220.5,202.0,5.423716417910447,8.490283582089553,74.10611940298509,8.608343283582089,71.42507462686571,8.711432835820895,72.24298507462683,181.54650746268655,1.1335430758998126,0.8082062838654577,35.7342977714804,139.79081074626862,26.800723328610278,4.524,11.47000000000002,40143.261673044224
2018-07-22,14316.5,203.0,3.2636145833333323,6.367770833333335,81.8458333333333,6.217541666666666,79.1278125,6.575770833333334,79.30875000000002,72.57837499999998,0.9854497633214896,0.7696444644885857,35.730870657166626,55.88534875,26.79815299287492,3.4150000000000027,11.02999999999998,12648.011174114385
2018-07-23,14412.5,204.0,3.226291666666668,5.150875,73.27874999999996,4.909968749999999,71.04312499999999,5.349374999999999,71.14562499999998,133.12948958333337,0.9146606560217044,0.6218711236501903,35.72609176674681,102.50970697916664,26.794568825060185,1.7299999999999986,11.059999999999974,25073.457220563516
2018-07-24,14508.5,205.0,1.9806666666666668,3.3723124999999996,72.00697916666665,2.7978333333333327,70.00885416666667,3.5474479166666675,69.6188541666667,143.60773958333337,0.8188198146441606,0.5257531082751156,35.71984777171463,110.57795947916662,26.789885828785966,-1.9159999999999975,10.460000000000013,22270.37973763938
2018-07-25,14604.5,206.0,1.9564270833333326,5.617406250000001,86.82468750000002,4.843854166666665,82.96291666666664,5.798041666666664,84.94614583333332,123.00846875000009,0.9590858045696381,0.7949085975552781,35.7120244323969,94.71652093750004,26.784018324297723,-0.7419999999999995,12.259999999999993,33402.839260020395
2018-07-26,14700.5,207.0,4.722989583333333,10.993229166666666,81.3728125,11.089479166666665,78.57687500000002,11.174895833333329,80.54260416666666,101.90284375000003,1.3323102161608298,1.0696732356324252,35.702506794622,78.46518968750001,26.776880095966586,8.950000000000014,13.700000000000024,48993.861710278834
2018-07-27,14796.5,208.0,4.466479166666665,11.534999999999997,82.47895833333338,11.724270833333334,79.33437500000001,11.718020833333334,81.63083333333334,120.44836458333327,1.3798102988018999,1.1197130371927955,35.69117938561613,92.74524072916667,26.768384539212104,10.59000000000001,14.089999999999987,73403.73511430669
2018-07-28,14892.5,209.0,3.7886875,10.707395833333335,92.53750000000001,10.852916666666665,90.21458333333334,10.921562499999999,91.8604166666666,38.60966666666666,1.3060287222017646,1.1997914101576972,35.67792640883376,29.729443333333325,26.75844480662541,10.600000000000016,11.659999999999998,12018.741295009366
2018-07-29,14988.5,210.0,3.9989062499999997,10.269458333333331,88.12624999999997,10.326197916666663,85.73958333333337,10.469947916666667,86.66927083333333,55.06051041666666,1.2707108202283448,1.1012684292518695,35.6626319374467,42.39659302083333,26.746973953085035,7.52200000000001,12.419999999999995,16055.76783372357
2018-07-30,15084.5,211.0,3.2940937499999996,7.111135416666663,78.38968749999995,7.104291666666668,75.57927083333333,7.314416666666664,76.72010416666666,106.8726770833333,1.0439795919023884,0.7708921641185711,35.645180106229525,82.29196135416667,26.733885079672152,2.8640000000000008,13.47000000000002,43031.241413591466
2018-07-31,15180.5,212.0,2.400135416666667,5.484531249999997,71.84625,5.172114583333334,69.85083333333331,5.683062500000001,69.90864583333337,114.2215,0.9318057032152328,0.6208864675997431,35.62545530160242,87.95055499999997,26.719091476201815,2.0,11.289999999999985,23377.748587254737
2018-08-01,15276.5,213.0,2.99375,4.653385416666666,76.61447916666668,4.464239583333334,73.6279166666667,4.842906250000001,74.51875000000001,132.3344270833334,0.8907876074204478,0.6337159618902225,35.603342349601775,101.89750885416667,26.702506762201224,-0.9809999999999991,11.0,24419.936697704255
2018-08-02,15372.5,214.0,2.2758125000000007,6.090083333333335,81.69489583333336,6.0353645833333305,77.82052083333333,6.2867395833333335,79.7571875,139.18937499999993,0.9875125596698479,0.7474957401649477,35.57872670157076,107.17581874999996,26.684045026178,1.0660000000000016,13.349999999999994,54712.238879252895
2018-08-03,15468.5,215.0,1.9369583333333331,7.785291666666666,88.029375,7.0536145833333315,84.41958333333332,7.976145833333334,86.82010416666667,108.86634375000004,1.0990044774129584,0.935059436514983,35.55149461737541,83.82708468749999,26.6636209630316,2.659999999999997,13.390000000000013,41052.825537577366
2018-08-04,15564.5,216.0,1.7197499999999994,8.958374999999998,88.95614583333332,9.117322916666664,85.64197916666664,9.166614583333331,88.5004166666667,120.1683541666667,1.1803668123394426,1.020568731384582,35.52153334596313,92.5296327083333,26.641150009472316,3.935000000000002,16.039999999999978,93913.05182100274
2018-08-05,15660.5,217.0,3.0737812499999997,8.967343750000001,78.22031250000003,8.804208333333335,75.57333333333332,9.15134375,77.29572916666666,98.33722916666669,1.2233996064151116,0.8842717292367109,35.48873130309847,75.71966645833332,26.616548477323843,2.0490000000000044,17.13000000000004,100591.40838353786
2018-08-06,15756.5,218.0,3.1948229166666677,11.914322916666665,74.53885416666665,11.976604166666668,72.24916666666667,12.101260416666662,73.70916666666668,140.71394791666665,1.4585059614955862,1.016411391289054,35.452978246122704,108.34973989583335,26.58973368459196,6.357000000000006,19.670000000000027,255961.24001149993
2018-08-07,15852.5,219.0,3.502854166666667,12.080833333333336,80.56770833333334,12.099375,78.19677083333333,12.280520833333336,79.69489583333329,106.99200000000006,1.446416430346816,1.1325104462559377,35.41416544559217,82.38384000000002,26.560624084194206,8.950000000000014,17.210000000000022,116388.57191820377
2018-08-08,15948.5,220.0,7.65553125,9.554166666666669,88.04999999999997,9.53989583333333,85.61145833333335,9.780520833333332,86.76697916666667,10.417197916666664,1.211415923940034,1.0525127343308924,35.37218585366701,8.021242395833335,26.52913939025029,8.820000000000016,11.619999999999996,1080.2397087846955
2018-08-09,16044.5,221.0,7.7108333333333325,8.735802083333335,67.36833333333335,8.850729166666664,64.89916666666667,8.938416666666669,66.71374999999999,81.33180208333332,1.1441974810760587,0.7632065026310954,35.32693426912615,62.625487604166665,26.495200701844638,7.9660000000000055,9.879999999999997,13423.147871177489
2018-08-10,16140.5,222.0,5.166291666666666,9.8459375,87.40052083333335,10.028437500000003,84.3427083333333,10.063541666666667,86.51187500000002,74.15054166666665,1.2355558966705147,1.071356530464278,35.27830749889976,57.09591708333332,26.45873062417486,8.509999999999993,12.11999999999999,22401.207621304446
2018-08-11,16236.5,223.0,2.1908958333333337,10.387708333333334,93.44270833333327,10.5990625,91.08437499999998,10.599895833333333,92.90312500000003,59.07448958333335,1.280205462061137,1.1890178586354154,35.22620451601282,45.487356979166655,26.419653387009646,9.200000000000015,11.830000000000007,17264.42814084749
2018-08-12,16332.5,224.0,3.075489583333331,12.244583333333336,87.19770833333335,12.41625000000001,84.43697916666672,12.451666666666663,85.79645833333335,77.86930208333338,1.4489615754108043,1.2372893557944582,35.17052661384604,59.95936260416667,26.37789496038449,10.97000000000002,15.5,63273.758664520545
2018-08-13,16428.5,225.0,2.11190625,11.969583333333333,88.42708333333333,12.101822916666668,85.48124999999999,12.17302083333333,87.30208333333337,45.93541666666667,1.4253711284904453,1.2413615034335472,35.11117755662449,35.37027083333333,26.3333831674683,8.509999999999993,15.240000000000007,28367.86400845629
2018-08-14,16524.5,226.0,5.49471875,11.13763541666667,80.46604166666667,11.256541666666665,78.23145833333334,11.344374999999998,79.66260416666668,142.47582291666663,1.3493941750069889,1.0689923581369294,35.0480637260513,109.70638364583338,26.286047794538547,7.09,14.049999999999976,71694.67534513975
2018-08-15,16620.5,227.0,1.9396770833333337,8.552447916666665,77.093125,8.453729166666667,74.4605208333333,8.757437500000002,75.66520833333335,170.74884375000002,1.156546527512068,0.8351255286520928,34.98109426401074,131.47660968750003,26.23582069800811,2.8969999999999967,14.329999999999997,90989.37067236529
2018-08-16,16716.5,228.0,4.689437500000002,10.243395833333334,83.59468750000003,10.386291666666667,80.58895833333337,10.466499999999998,82.56947916666668,155.02345833333337,1.303144578774771,1.0369710350680135,34.91018121126536,119.3680629166666,26.182635908449043,5.574000000000006,17.029999999999976,159968.91586595777
2018-08-17,16812.5,229.0,4.157302083333331,12.730416666666668,83.32843750000002,12.906354166666668,80.4825,12.956458333333337,82.42895833333333,156.36939583333336,1.5285205594745968,1.230740059235778,34.83523964208367,120.40443479166669,26.12642973156272,8.570000000000016,18.759999999999994,238276.68180128385
2018-08-18,16908.5,230.0,3.3248541666666678,10.911354166666667,86.95770833333336,10.929687499999998,85.03541666666668,11.145312499999996,86.02510416666662,18.206489583333326,1.331976499536803,1.1530232061114116,34.756187794731424,14.018996979166673,26.067140846048506,8.509999999999993,14.5,6900.453770022371
2018-08-19,17004.5,231.0,4.566156250000001,7.090000000000001,75.12374999999997,7.113989583333332,73.10781250000001,7.297302083333332,73.82854166666665,161.37868750000004,1.0289680159717227,0.7499247218180107,34.67294719776859,124.26158937499997,26.004710398326377,4.021999999999995,10.330000000000018,24265.910446907044
2018-08-20,17100.5,232.0,5.230520833333335,7.640041666666662,66.65416666666665,7.741500000000001,64.23749999999998,7.845947916666666,65.78447916666667,170.82475000000002,1.0687350204247696,0.6935678666503448,34.58544279209172,131.53505749999994,25.939082094068763,3.3720000000000083,10.690000000000026,29404.409894515702
2018-08-21,17196.5,233.0,2.6559375000000003,5.346395833333332,74.89447916666666,5.292833333333335,71.48447916666667,5.544885416666666,72.75812499999999,183.99228125000002,0.9421352995471115,0.6374965492338087,34.49360304867118,141.67405656250003,25.870202286503453,-1.3029999999999982,12.339999999999996,56449.64403399501
2018-08-22,17292.5,234.0,5.014020833333334,8.216322916666662,76.94437500000002,8.335395833333333,73.74927083333331,8.4294375,75.55489583333335,175.61454166666667,1.1398361600361413,0.818644500051921,34.39736008192826,135.2231970833333,25.798020061446238,3.0339999999999967,14.099999999999989,89750.78672862939
2018-08-23,17388.5,235.0,3.8074431818181838,9.890602272727275,81.3093181818182,9.887534090909089,78.46215909090907,10.084556818181822,80.06068181818183,109.10643181818182,1.249998868251218,0.9815916080617261,34.29664975870314,84.01195249999999,25.72248731902739,6.0980000000000025,14.940000000000033,68400.56765497742
2018-08-24,17484.5,236.0,6.042781249999998,9.475833333333336,79.09541666666664,9.509635416666667,76.04739583333331,9.633749999999996,78.24802083333334,99.5645416666667,1.2018650537512667,0.935002624465287,34.19141180276791,76.66469708333331,25.643558852075927,8.279999999999982,11.980000000000013,31249.991217358576
2018-08-25,17580.5,237.0,5.553354166666666,8.176135416666662,63.31833333333333,8.067375000000002,60.807604166666685,8.318697916666665,62.36072916666665,178.24743750000013,1.1083020613102048,0.673145618978941,34.08158989483638,137.250526875,25.561192421127277,3.4159999999999973,12.02999999999998,50214.36584469987
2018-08-26,17676.5,238.0,4.764531249999997,9.993229166666664,66.96781249999997,9.975354166666664,64.46572916666668,10.127583333333337,65.8142708333333,183.66746875000004,1.3242191490173063,0.7912951070659071,33.967131768030384,141.4239509375,25.475348826022763,2.0029999999999952,19.13000000000005,323993.23331414163
2018-08-27,17772.5,239.0,5.298864583333333,13.372635416666661,64.93208333333332,13.408093749999997,63.24302083333333,13.49872916666667,64.59968750000003,172.8217812500001,1.6033920670011057,0.9706104504468122,33.847989298757064,133.07277156249998,25.38599197406783,7.65099999999999,20.839999999999964,429104.5601632604
2018-08-28,17868.5,240.0,3.7496250000000018,14.19228125,66.14552083333335,14.232520833333332,64.41510416666662,14.311760416666667,65.82770833333333,186.07941666666667,1.696188242854111,1.0428876121925919,33.72411859296199,143.28115083333336,25.293088944721557,7.60400000000001,22.230000000000015,592345.6438359229
2018-08-29,17964.5,241.0,3.3124687499999994,12.92216666666667,74.05479166666666,12.97976041666667,71.43874999999997,13.04453125,73.3577083333333,179.55765625000006,1.59150859112056,1.0637020632995715,33.59548006771637,138.25939531249995,25.196610050787243,6.072000000000002,23.980000000000015,752027.9627524446
2018-08-30,18060.5,242.0,7.400552083333332,9.296552083333333,67.4233333333333,9.439770833333332,64.54041666666667,9.438427083333334,66.59614583333337,167.7666979166667,1.1859050209339472,0.7908799090261884,33.46203852810563,129.18035739583334,25.09652889607924,7.0,11.169999999999986,40429.980600669114
2018-08-31,18156.5,243.0,5.645385416666667,7.382906250000001,60.58781250000002,7.501916666666666,57.302916666666654,7.542052083333335,59.34416666666666,142.99089583333327,1.0417636994973072,0.6155341481630455,33.32376323938569,110.10298979166667,24.992822429539235,6.324000000000001,9.559999999999976,19481.378207760314
2018-09-01,18252.5,244.0,3.537281249999999,7.972854166666667,72.70645833333334,7.885177083333333,69.0896875,8.131239583333333,71.39333333333336,193.51416666666668,1.0888171384603766,0.7745944019917664,33.18062799437425,149.00590833333334,24.885470995780636,5.074999999999992,10.710000000000015,36118.44070897086
2018-09-02,18348.5,245.0,2.423520833333333,8.530322916666668,80.52499999999995,8.223729166666667,76.58833333333335,8.6816875,79.15854166666666,188.13969791666673,1.170567652878195,0.8745653571545765,33.032611176051546,144.86756739583333,24.77445838203862,1.4270000000000025,15.339999999999982,137849.78400394256
2018-09-03,18444.5,246.0,1.9752812500000003,11.079104166666667,77.61375000000002,10.959604166666667,73.96479166666663,11.224958333333328,76.76854166666666,201.40497916666678,1.3903934528981958,0.9930512793775775,32.879695815343446,155.0818339583333,24.659771861507583,4.4900000000000055,18.690000000000037,324842.98614525964
2018-09-04,18540.5,247.0,3.8221770833333326,12.935781249999998,74.79895833333332,13.017270833333335,72.0651041666667,13.072937500000002,74.0809375,207.77375000000006,1.5666194589509141,1.0844998128153405,32.72186964406361,159.98578750000007,24.541402233047663,5.940999999999992,20.20000000000003,456013.2298433361
2018-09-05,18636.5,248.0,4.606697916666668,14.606979166666669,72.08552083333333,14.745937500000004,69.808125,14.733229166666659,71.52208333333333,194.4987083333334,1.7358692771387727,1.1648155379684597,32.55912514299674,149.76400541666663,24.41934385724748,8.820000000000016,21.789999999999978,585780.6388544097
2018-09-06,18732.5,249.0,3.1544270833333337,12.94645833333333,68.20781249999999,12.779489583333335,67.55958333333338,13.090104166666665,67.55322916666664,199.75892708333322,1.5442856568774983,0.9958757204679588,32.391459585106084,153.81437385416666,24.29359468882963,8.840000000000005,21.599999999999962,599786.1433595798
2018-09-07,18828.5,250.0,2.6932499999999995,10.060864583333332,69.31666666666669,9.735562499999999,67.51395833333332,10.217812499999996,68.20479166666668,218.48249999999987,1.318463032595276,0.8069287055388191,32.21887507385237,168.231525,24.164156305389298,2.833,20.759999999999994,571885.8489186455
2018-09-08,18924.5,251.0,2.7496770833333337,8.873062500000003,78.46635416666668,8.820124999999996,75.10552083333333,9.040104166666666,77.64364583333332,212.36157291666674,1.1665609447703524,0.885414088874651,32.04137857661441,163.51841114583326,24.03103393246076,4.7049999999999965,12.460000000000017,71604.19413723909
2018-09-09,19020.5,252.0,2.969020833333333,9.31083333333333,80.94333333333334,9.053239583333335,78.7575,9.449072916666664,79.76666666666667,87.50708333333336,1.1911903319539365,0.9465381207240212,31.858981953208485,67.38045416666667,23.89423646490633,5.824999999999997,11.919999999999993,24542.322287122148
2018-09-10,19116.5,253.0,2.4232916666666666,10.48921875,85.37020833333332,10.461593750000002,82.53875000000001,10.633947916666665,84.38000000000002,138.5481458333334,1.2889753718587988,1.0770492967154262,31.67170197950342,106.68207229166667,23.75377648462762,7.739000000000003,14.07,79254.22365125328
2018-09-11,19212.5,254.0,3.836510416666666,11.897822916666662,81.49125000000002,11.726291666666667,78.61062500000001,12.045958333333333,80.89979166666669,173.42060416666672,1.4456031732872547,1.1278279908550142,31.479560366136287,133.53386520833337,23.6096702746022,6.467999999999999,18.029999999999976,249578.6732710967
2018-09-12,19308.5,255.0,3.4605520833333334,13.158645833333333,81.8063541666667,13.194479166666673,79.35802083333333,13.306979166666666,80.95427083333333,39.56044791666667,1.5304305217418224,1.2365996370731722,31.282583772334274,30.461544895833324,23.461937829250672,11.980000000000013,15.099999999999985,33720.99994313845
2018-09-13,19404.5,256.0,2.0272500000000004,11.335312500000002,85.83937499999998,11.685625,81.51812499999998,11.492395833333338,84.90208333333331,187.06867708333337,1.3615727770145492,1.1501168440491993,31.080803814858125,144.04288135416667,23.310602861143664,9.269999999999989,14.509999999999993,133035.9979420118
2018-09-14,19500.5,257.0,2.260989583333334,11.776874999999997,78.41645833333331,12.136979166666668,74.58624999999999,11.927604166666663,77.60843749999997,230.19810416666675,1.4261049467509046,1.0645839934294068,30.874257072081935,177.25254020833336,23.15569280406139,8.720000000000018,18.65000000000003,411743.34424238926
2018-09-15,19596.5,258.0,2.57696875,14.60635416666667,86.45937500000004,14.828645833333333,83.32968750000002,14.745416666666666,86.26541666666664,125.73047916666671,1.6994826236478442,1.4409447736481757,30.662985083230186,96.81246895833338,22.997238812422648,11.340000000000005,21.329999999999973,364935.86941973265
2018-09-16,19692.5,259.0,4.548583333333332,14.999583333333332,88.77739583333333,15.188020833333331,85.76041666666667,15.208229166666664,87.56041666666668,64.65528124999997,1.7312549515712747,1.5126068121880911,30.44703434280203,49.78456656250001,22.835275757101513,13.009999999999993,17.740000000000006,103146.49043777864
2018-09-17,19788.5,260.0,2.174885416666667,15.800937500000002,88.344375,16.057916666666667,85.29302083333336,16.000104166666663,87.07468749999998,118.25284375000001,1.8332188956379378,1.5782295845814946,30.226456290210113,91.05468968749999,22.66984221765759,13.049999999999978,20.980000000000015,341170.7176033727
2018-09-18,19884.5,261.0,3.377552083333334,14.836770833333334,89.86854166666667,15.091874999999996,87.10781249999998,15.055208333333335,89.23229166666668,77.7691875,1.7271145080714119,1.5303273592475557,30.001307294672802,59.88227437500001,22.50098047100462,12.309999999999969,19.470000000000024,165225.5740665253
2018-09-19,19980.5,262.0,3.607802083333332,12.887395833333331,78.75833333333335,12.962031249999997,76.8271875,13.102812499999999,78.119375,211.11485416666662,1.5273242048073523,1.1563331533086836,29.771648635399867,162.55843770833334,22.328736476549906,8.509999999999993,17.970000000000024,336707.75742454507
2018-09-20,20076.5,263.0,3.186645833333334,13.097166666666665,67.01385416666666,13.186479166666667,65.37197916666663,13.268385416666668,66.40052083333335,36.63463541666666,1.6096409788673665,0.9442194730297592,29.537546477117147,28.20866927083333,22.15315985783785,5.576999999999999,20.93000000000002,92830.54863611289
2018-09-21,20172.5,264.0,3.863020833333335,15.586250000000009,63.787708333333335,15.558229166666663,62.50687500000001,15.75239583333334,63.59583333333334,30.505833333333317,1.8304322113297535,1.110052638551735,29.29907184098134,23.489491666666662,21.97430388073599,10.740000000000007,23.950000000000006,127993.46625333322
2018-09-22,20268.5,265.0,2.587854166666666,12.678854166666662,86.8525,12.342395833333333,85.34333333333336,12.91666666666667,85.25864583333333,33.071718749999995,1.5070760261418241,1.2922383781992008,29.056300570939285,25.46522343749999,21.792225428204514,9.519999999999987,18.5,47985.235460459524
2018-09-23,20364.5,266.0,1.6083229166666673,12.478124999999999,80.40968749999999,11.918666666666667,79.40666666666665,12.662499999999996,79.18197916666666,155.78115625,1.481946391603646,1.154111796614866,28.80931329559127,119.95149031250004,21.606984971693446,8.419999999999987,16.289999999999978,172899.92713704112
2018-09-24,20460.5,267.0,2.408562500000001,12.291114583333332,65.56260416666667,12.059135416666665,65.07354166666667,12.45464583333333,64.88625000000002,236.70977083333324,1.4717860904844364,0.9162681711804144,28.55819538562172,182.26652354166671,21.418646539216283,7.309000000000001,17.88000000000004,389224.2934799623
2018-09-25,20556.5,268.0,2.5997604166666664,14.398749999999998,70.70406250000002,13.995239583333337,69.48729166666668,14.474718749999994,70.06687499999997,202.47794791666672,1.69823991494952,1.1163798368338298,28.30303690686576,155.90801989583335,21.227277680149374,7.890999999999994,21.130000000000052,623027.9498476957
2018-09-26,20652.5,269.0,4.430187499999999,12.690208333333336,79.06312499999999,12.80666666666666,75.89677083333332,12.785312500000002,78.02208333333331,210.41140625000006,1.4898718912833153,1.158158059771452,28.043932569081793,162.0167828125,21.0329494268114,9.289999999999988,16.059999999999963,237998.66250868668
2018-09-27,20748.5,270.0,5.152979166666667,11.525520833333331,75.51864583333335,11.657395833333332,72.63958333333338,11.604270833333333,74.58885416666665,157.02466666666672,1.373862134503416,1.0186653448229748,27.780981670505295,120.90899333333333,20.835736252878913,9.149999999999986,14.43,123535.90644082177
2018-09-28,20844.5,271.0,5.9924687500000005,14.191874999999998,83.75302083333331,14.274687499999997,81.30354166666667,14.319375,82.75395833333336,71.13467708333333,1.6352994966970502,1.351031614848657,27.514288038262126,54.7737013541667,20.635716028696603,12.269999999999987,16.09999999999998,92587.1548324678
2018-09-29,20940.5,272.0,4.733197916666668,15.525104166666667,87.42239583333331,15.421249999999993,85.64677083333332,15.705416666666665,85.82614583333337,74.08917708333333,1.7970263663091541,1.5371644894907517,27.243959964722134,57.04866635416669,20.43296997354155,11.14999999999999,19.40000000000003,162334.17443826408
2018-09-30,21036.5,273.0,3.289822916666667,13.312500000000005,74.90541666666668,13.244375,73.15458333333335,13.420625000000003,73.9273958333333,182.50269791666662,1.573274701276076,1.1266514418970555,26.970110139875477,140.52707739583326,20.22758260490656,9.090000000000007,21.150000000000038,586610.2246561742
2018-10-01,21132.5,274.0,3.4419999999999997,10.509635416666667,65.40718749999998,10.485385416666666,64.15583333333332,10.608895833333333,64.411875,216.6580520833334,1.2952445952375258,0.8009120672724831,26.69285557981843,166.8267001041667,20.019641684863867,4.935999999999993,14.799999999999974,183890.89779195827
2018-10-02,21228.5,275.0,4.460614583333334,10.568687500000001,64.26177083333333,10.453885416666665,62.72843749999999,10.645249999999997,63.020833333333336,269.9543645833333,1.355853845976011,0.7589412615386779,26.41231755143461,207.8648607291666,19.809238163575905,3.2130000000000005,18.819999999999986,590554.0590205066
2018-10-03,21324.5,276.0,3.1889999999999996,11.644729166666664,64.12489583333333,11.559333333333337,62.81645833333332,11.713354166666663,63.22791666666666,257.62747916666666,1.432240163754286,0.8238606960086767,26.128621493360257,198.37315895833345,19.596466120020246,4.456000000000004,19.019999999999985,591872.2248345368
2018-10-04,21420.5,277.0,4.010083333333333,11.330239583333329,66.01333333333334,11.157187500000001,63.72260416666665,11.182135416666666,64.76354166666671,273.6561562499999,1.3923283712137546,0.8072793786696294,25.841896933323966,210.71524031250001,19.381422699992978,4.014000000000006,19.64000000000004,725260.0788158709
2018-10-05,21516.5,278.0,3.0688541666666675,8.95622916666667,72.61260416666666,8.874229166666668,69.29624999999999,8.851250000000002,71.05979166666664,285.3428020833333,1.1493236033169918,0.7960632759143018,25.552277401948192,219.7139576041667,19.164208051461156,4.865000000000006,12.13000000000001,113403.26860325632
2018-10-06,21612.5,279.0,4.309802083333333,12.81510416666667,72.53093750000001,12.865510416666666,69.84125000000002,12.788718749999996,71.52135416666668,288.7698229166668,1.5487693522825932,1.0257009416035368,25.259900343104892,222.35276364583333,18.94492525732864,4.923000000000001,19.779999999999976,777849.132497311
2018-10-07,21708.5,280.0,5.268510416666665,17.539583333333333,70.11697916666667,17.64333333333333,68.26854166666666,17.55645833333334,69.72333333333333,280.9792500000001,2.076862593382113,1.3527376989703708,24.964907020912516,216.35402250000004,18.723680265684383,12.27999999999998,24.510000000000023,1822191.0410547024
2018-10-08,21804.5,281.0,3.2943124999999998,17.21729166666667,82.00885416666667,17.289479166666663,79.33385416666665,17.236145833333335,81.50864583333338,180.9020729166666,2.03665417777231,1.6066752443959864,24.667442423463353,139.2945961458333,18.500581817597496,11.639999999999999,25.070000000000007,1192574.620868876
2018-10-09,21900.5,282.0,3.745489583333333,14.375208333333331,60.70458333333332,14.332489583333336,60.369166666666665,14.42260416666666,60.47875,292.37544791666664,1.6809152322201044,0.9342551580696706,24.36765516336756,225.1290948958335,18.27574137252571,8.090000000000003,19.960000000000026,899354.9251250545
2018-10-10,21996.5,283.0,4.334479166666667,10.151572916666668,63.16072916666666,10.086749999999997,61.52468750000003,10.172229166666666,62.07041666666667,279.4574062500001,1.2723459700198507,0.7349232117444325,24.065697375200624,215.18220281250004,18.049273031400407,4.858000000000003,15.269999999999987,297000.619139289
2018-10-11,22092.5,284.0,2.875697916666665,8.877989583333333,70.85958333333335,8.972583333333334,67.76947916666668,8.900770833333329,69.49156249999997,247.006625,1.1639733168985005,0.7808150202374669,23.761724609933534,190.19510124999996,17.821293457450164,3.887,13.25,146520.71961336792
2018-10-12,22188.5,285.0,2.6655624999999996,11.437083333333339,72.54510416666666,11.511979166666665,69.76197916666668,11.455000000000004,71.64000000000003,164.04023958333332,1.3609852154214757,0.9664233498714335,23.455895726430104,126.31098447916666,17.591921794822607,9.029999999999982,14.160000000000013,143923.6853106249
2018-10-13,22284.5,286.0,3.189260416666666,13.97135416666667,74.20406249999998,14.164906250000001,71.34072916666666,14.014479166666666,73.54416666666665,305.5881666666667,1.6440970327986093,1.1508152522628199,23.148372780084216,235.30288833333336,17.361279585063148,8.100000000000014,20.0,938620.0708310861
2018-10-14,22380.5,287.0,5.425927083333332,17.4478125,59.596458333333345,17.291979166666664,59.59364583333333,17.497083333333332,59.68552083333329,300.0274270833334,2.1211705677922343,1.1289883505395015,22.839320908673873,231.0211188541667,17.12949068150535,11.14999999999999,26.44999999999999,2868663.140858267
2018-10-15,22476.5,288.0,3.4125624999999995,19.274375,63.09166666666665,19.170520833333335,63.155937500000014,19.31958333333333,63.3478125,305.8166875,2.422186817830171,1.3705629281666647,22.52890821549934,235.47884937500007,16.896681161624496,9.090000000000007,28.880000000000067,4004578.542128527
2018-10-16,22572.5,289.0,3.163395833333332,19.780208333333334,68.35291666666666,19.916875000000005,66.93072916666667,19.84447916666667,68.37947916666666,299.33368749999994,2.3836656878112,1.5358951987089353,22.217305649873182,230.48693937500002,16.662979237404883,12.859999999999992,26.710000000000026,3005912.017649308
2018-10-17,22668.5,290.0,2.5189791666666674,15.157499999999999,89.28395833333333,15.211875000000001,86.1884375,15.287500000000003,88.48656249999999,99.21531250000004,1.7484694142280421,1.539063536270162,21.904686885020794,76.39579062499999,16.42851516376565,13.049999999999978,20.420000000000027,362702.94759324385
2018-10-18,22764.5,291.0,5.673583333333333,12.700312499999997,86.19156249999999,12.983020833333333,83.01187499999999,12.828749999999998,85.58364583333332,209.71781250000006,1.484996720327132,1.267792330353523,21.591228193451528,161.48271562500005,16.19342114508866,10.759999999999993,15.609999999999976,300346.0869598517
2018-10-19,22860.5,292.0,5.168770833333334,11.377812500000003,74.80520833333335,11.710208333333336,71.52343749999999,11.517708333333337,74.05864583333333,311.21798958333324,1.363542807130462,1.0050486875017852,21.277108319848413,239.63785197916675,15.957831239886294,9.05999999999998,13.829999999999998,280356.00577014446
2018-10-20,22956.5,293.0,3.2534062499999994,11.114166666666668,72.77479166666667,11.364999999999997,69.78458333333332,11.214791666666668,72.04645833333332,256.4187291666667,1.3407801500283156,0.9585782686083676,20.96250835152756,197.44242145833334,15.721881263645692,8.200000000000012,14.309999999999967,252653.0782367416
2018-10-21,23052.5,294.0,3.751749999999999,15.053125000000001,73.85895833333332,15.155208333333333,71.83708333333333,15.150208333333339,73.27895833333335,165.72578125000007,1.7530832508981014,1.2470844908610372,20.647611586505942,127.60885156249991,15.485708689879418,10.440000000000026,19.910000000000032,574412.1461317994
2018-10-22,23148.5,295.0,4.611739583333335,14.846041666666657,70.249375,15.102083333333342,67.89406249999998,14.955625000000003,69.8303125,314.34796875,1.7333601827562422,1.1480142628954695,20.33260339921661,242.0479359375,15.249452549412418,10.450000000000019,20.79999999999997,1360510.3337460877
2018-10-23,23244.5,296.0,4.287343750000002,10.011145833333336,65.98135416666668,10.278124999999998,63.18479166666665,10.140520833333337,65.3009375,191.7183645833334,1.2413875427364445,0.8071825563069536,20.01767110390348,147.62314072916664,15.013253327927648,8.820000000000016,11.89,113765.13907978132
2018-10-24,23340.5,297.0,3.0490833333333325,11.016666666666659,76.29697916666667,11.166281250000003,73.45197916666665,11.12239583333333,75.32135416666668,118.45513541666668,1.3305078985479408,1.0036183145548347,19.703003815723147,91.2104542708333,14.777252861792327,8.190000000000017,13.380000000000019,95552.61524650066
2018-10-25,23436.5,298.0,2.6532604166666673,12.961562500000001,84.30343749999999,13.269062499999992,80.74802083333334,13.066354166666661,83.25749999999998,237.50210416666664,1.5123018581165526,1.248416314494724,19.388792309575596,182.8766202083333,14.54159423218173,11.009999999999993,16.279999999999976,442442.74530937563
2018-10-26,23532.5,299.0,2.581583333333334,13.312395833333339,84.71864583333335,13.508333333333338,80.99520833333335,13.439895833333324,83.77583333333332,266.8175520833333,1.5505438393500786,1.285814784663078,19.075228876685692,205.44951510416675,14.306421657514257,11.02999999999998,16.460000000000022,524521.0036415156
2018-10-27,23628.5,300.0,2.7985208333333333,14.400822916666668,76.63729166666668,14.453322916666664,73.52302083333332,14.508322916666659,76.36833333333338,321.3919583333334,1.6956423048387979,1.2360687570394775,18.7625071789468,247.47180791666676,14.071880384210088,7.626999999999991,19.529999999999976,1100255.9486799093
2018-10-28,23724.5,301.0,3.2567291666666676,17.110104166666666,74.68625000000003,17.24583333333333,72.9669791666667,17.20375,74.29041666666664,199.67985416666667,1.999517012873427,1.4297726052673694,18.45082210104145,153.75348770833335,13.838116575781052,13.17,22.900000000000038,1377141.602061808
2018-10-29,23820.5,302.0,4.659572916666668,19.924583333333334,71.13479166666669,20.073645833333327,69.5270833333333,19.996145833333333,70.930625,196.4328020833333,2.3885953161707145,1.611101063189344,18.14036960034566,151.25325760416652,13.605277200259259,15.319999999999995,25.55,2142546.014967538
2018-10-30,23916.5,303.0,3.25528125,17.536250000000003,85.94385416666667,17.590520833333322,83.8929166666667,17.639375000000005,85.25947916666665,72.56193750000001,2.023995471745551,1.7154871333129649,17.831346554625323,55.872691875000044,13.373509915968976,15.759999999999993,20.54999999999997,380090.47744189383
2018-10-31,24012.5,304.0,6.945739583333332,12.598958333333327,78.26885416666669,12.748645833333336,76.08010416666669,12.727500000000004,77.63229166666667,204.40230208333344,1.480877631641803,1.1679420195871744,17.523950607527677,157.38977260416672,13.142962955645752,9.340000000000007,15.960000000000022,372467.08765503694
2018-11-01,24108.5,305.0,4.2356875,9.30675,59.86677083333333,9.615791666666667,57.23843749999997,9.443031250000002,59.105625,329.17225,1.188077982179671,0.6946613010741404,17.21838001187462,253.4626325,12.913785008905963,6.823999999999997,11.690000000000028,186047.5968810876
2018-11-02,24204.5,306.0,2.847541666666667,9.819187499999996,79.84687500000003,9.732093749999999,79.08250000000002,9.938124999999996,78.67520833333334,52.35675000000001,1.2258539148297458,0.9649968764035632,16.914833470761252,40.3146975,12.686125103070928,8.100000000000014,11.5,28285.73635381278
2018-11-03,24300.5,307.0,2.6829895833333333,13.240166666666667,83.84197916666665,13.534593749999994,80.42281249999998,13.363229166666668,82.98572916666667,286.78861458333336,1.5562835053517297,1.2731797677497896,16.613509976464854,220.82723322916672,12.460132482348628,8.149999999999986,18.5,885476.3869180577
2018-11-04,24396.5,308.0,3.6407499999999993,18.875416666666663,74.68270833333328,19.142916666666665,72.52552083333332,18.9678125,74.71614583333336,310.5693437500001,2.2789896903913154,1.5992564556058397,16.31460864717383,239.13839468750004,12.235956485380386,11.549999999999981,26.760000000000037,4118938.805978308
2018-11-05,24492.5,309.0,3.9582395833333344,17.424583333333345,73.57187499999996,17.620520833333334,71.38541666666664,17.538541666666664,73.17937500000004,227.36626041666673,2.029120274582893,1.4669027363811782,16.01832856154624,175.07202052083338,12.01374642115969,13.75,24.299999999999994,2267587.005682059
2018-11-06,24588.5,310.0,3.9963854166666644,14.310208333333323,63.84302083333333,14.28625,62.94520833333333,14.414062499999995,63.5440625,369.1602499999999,1.6782322805701064,1.018440618718621,15.72486859111421,284.2533925,11.793651443335648,9.870000000000003,21.650000000000038,2389798.754334177
2018-11-07,24684.5,311.0,3.593614583333333,12.902395833333335,70.21833333333336,12.940427083333327,67.89041666666668,12.999989583333331,69.56385416666667,373.9087916666667,1.5427372534878245,1.0267757181824104,15.434427230555663,287.9097695833333,11.57582042291673,5.233999999999992,18.309999999999963,1227452.2584930288
2018-11-08,24780.5,312.0,6.504520833333333,19.336979166666673,68.49270833333334,19.524687499999995,66.89375,19.391770833333325,68.26125,358.4771041666664,2.330177315185362,1.4938379561672013,15.147202425860833,276.02737020833337,11.360401819395626,13.190000000000031,26.289999999999974,5082717.206401938
2018-11-09,24876.5,313.0,4.343864583333333,23.041979166666682,72.48166666666665,23.219791666666662,71.3745833333333,23.051874999999995,72.97333333333336,307.07051041666665,2.9863003295341364,1.9639878849253245,14.863391400430979,236.44429302083336,11.147543550323233,16.539999999999978,32.65999999999997,9781433.085194241
2018-11-10,24972.5,314.0,3.3973854166666677,18.820625,85.08562500000001,18.895416666666666,83.16302083333332,18.900833333333328,83.85572916666666,102.74647916666665,2.2023126270327764,1.828650001399188,14.583190479153698,79.11478895833334,10.937392859365247,15.819999999999993,23.349999999999955,988809.5613048178
2018-11-11,25068.5,315.0,6.965041666666668,16.356562500000006,87.78125,16.52041666666667,84.94927083333333,16.5040625,86.10416666666663,77.3812291666667,1.878317326547071,1.6164747743585546,14.306794910513629,59.58354645833334,10.730096182885198,15.83999999999998,17.759999999999994,351583.6923590266
2018-11-12,25164.5,316.0,5.079468750000002,18.097291666666674,93.13541666666659,18.23541666666666,90.93645833333336,18.229374999999994,92.15937500000005,45.40005208333333,2.096770133271501,1.9319455580379188,14.034398686806005,34.95804010416668,10.525799015104525,16.60999999999997,19.89000000000004,281191.73823144584
2018-11-13,25260.5,317.0,2.941912500000001,18.014124999999996,90.9,18.112124999999995,88.67375,18.0665,89.17125000000001,78.810975,2.0777568940179902,1.8533970764281555,13.766194362537012,60.68445075000001,10.324645771902746,15.90000000000002,20.769999999999985,558246.624071078
2018-11-14,25356.5,318.0,6.019738636363636,16.36704545454546,79.08386363636363,16.468636363636367,77.15250000000002,16.485681818181817,77.88250000000002,242.2491477272728,1.8862673962792322,1.4529447984771648,13.502372871107735,186.53184375000004,10.126779653330802,12.75,19.559999999999963,1298256.831127067
2018-11-15,25452.5,319.0,5.762645833333335,15.16208333333333,61.749583333333334,15.331875000000002,60.421562500000014,15.27708333333333,61.10635416666668,328.091875,1.779342773969483,1.043154692584226,13.243123339896327,252.63074375000005,9.93234250492222,9.429999999999982,21.349999999999962,2362180.0965618547
2018-11-16,25548.5,320.0,3.6598854166666652,12.581458333333337,57.49447916666665,12.831312499999997,56.02072916666668,12.656687499999999,56.70656249999998,374.7373958333333,1.5211269459806491,0.7818313068763234,12.988632903869004,288.5477947916667,9.741474677901776,5.211999999999993,19.559999999999963,1983573.9913941135
2018-11-17,25644.5,321.0,5.180166666666667,15.31083333333333,79.45052083333336,15.399166666666671,77.59885416666665,15.453333333333338,78.41437500000005,136.38372916666665,1.7708738684176966,1.3802659284964731,12.739086517870211,105.01547145833331,9.554314888402692,11.299999999999981,20.859999999999957,907168.8387598254
2018-11-18,25740.5,322.0,4.335395833333333,14.605000000000004,64.97322916666668,14.866666666666662,63.28562500000004,14.724375,64.35125000000002,366.53064583333315,1.703910745855269,1.049009652275329,12.49466676776069,282.22859729166674,9.371000075820493,10.039999999999987,18.759999999999994,1764854.7668753157
2018-11-19,25836.5,323.0,3.525572916666668,19.554374999999997,59.857187500000016,19.728750000000005,59.11468750000001,19.601562499999996,59.85458333333332,370.05714583333344,2.389244929906297,1.2887254903133536,12.255553680593417,284.94400229166666,9.191665260445088,11.440000000000028,27.32999999999996,7551679.470492824
2018-11-20,25932.5,324.0,5.8897395833333315,23.133854166666666,58.780729166666696,23.256562500000005,58.33656249999999,23.12374999999999,59.048749999999984,362.2887604166667,2.910681983898609,1.6475427122514725,12.021924534038456,278.9623455208332,9.01644340052883,16.630000000000038,29.159999999999986,9933879.830197351
2018-11-21,26028.5,325.0,5.499656250000002,25.260312499999998,61.11406250000001,25.284687500000008,60.87770833333334,25.17020833333334,61.679062499999965,355.4989062500001,3.311279190263764,1.917368876368428,11.793953665288782,273.7341578125,8.845465248966574,17.700000000000028,31.889999999999986,13576238.512788465
2018-11-22,26124.5,326.0,6.213218749999999,16.380625000000006,75.73593749999996,16.393020833333335,74.20031250000001,16.45145833333334,74.94656250000001,128.48256249999994,1.9223636795370067,1.434869830258715,11.571812279702472,98.93157312499996,8.678859209776846,11.10000000000001,23.510000000000016,1502282.2651668934
2018-11-23,26220.5,327.0,6.5155208333333325,13.967083333333335,73.25250000000001,14.257708333333328,70.37531249999999,14.069375000000003,72.41802083333332,376.0902708333333,1.6170327044205977,1.1576011357761717,11.355668259457817,289.58950854166665,8.516751194593335,11.10000000000001,16.81999999999999,1377171.0073149195
2018-11-24,26316.5,328.0,4.552177083333333,14.55843750000001,68.65010416666667,14.735937499999997,66.2636458333333,14.597604166666665,68.00291666666665,389.99134374999977,1.6765616457869852,1.1201741357223525,11.145685972521704,300.2933346874999,8.359264479391266,10.120000000000003,17.519999999999985,1606610.7243287822
2018-11-25,26412.5,329.0,2.796677083333334,16.435729166666672,70.02114583333335,16.072645833333333,67.6796875,16.160104166666667,69.04562500000003,349.81143750000007,1.956544401844084,1.2221535885157448,10.942026082252143,269.354806875,8.206519561689108,8.08000000000001,25.890000000000015,6254550.590956635
2018-11-26,26508.5,330.0,1.9956666666666674,20.251041666666666,68.68218750000001,19.615833333333327,67.17197916666666,19.807291666666668,68.3623958333333,363.47515625,2.436023333491335,1.4494887399147147,10.744845357979328,279.8758703125,8.058634018484478,12.509999999999993,28.840000000000007,10480673.817737179
2018-11-27,26604.5,331.0,2.9944375,20.936979166666678,65.70854166666666,20.428645833333327,64.23875000000001,20.333125000000003,65.05822916666669,295.54815625,2.4405283622916194,1.5029709744094635,10.554296486928813,227.5720803125001,7.915722365196605,15.589999999999982,25.920000000000034,6002717.886339567
2018-11-28,26700.5,332.0,4.278947916666666,18.633750000000003,81.78083333333333,18.188437499999996,77.94906250000001,17.955208333333335,80.42364583333332,335.94165624999994,2.0695194471215497,1.6473071217989113,10.370527887872193,258.6750753124999,7.777895915904164,15.03999999999998,20.759999999999994,3152629.533289833
2018-11-29,26796.5,333.0,3.9605937499999992,18.198541666666664,79.8232291666667,17.758645833333343,76.15802083333334,17.526979166666663,78.46291666666667,318.0909583333334,2.015331059348132,1.564674446120824,10.193683526908442,244.9300379166668,7.645262645181332,14.269999999999987,20.20000000000003,2689296.3128809114
2018-11-30,26892.5,334.0,4.36821875,19.743958333333335,79.25583333333333,19.049999999999994,75.7717708333333,18.885,77.8234375,308.1447604166665,2.213250261671038,1.6809470048100301,10.023902735795781,237.2714655208332,7.5179270518468355,14.759999999999993,23.220000000000002,4233898.967688414
2018-12-01,26988.5,335.0,8.424968750000001,14.14479166666667,65.20291666666662,13.687083333333334,63.017083333333346,13.631874999999999,64.19197916666667,267.76806249999987,1.5642772425943148,1.0066231925153513,9.86132003327188,206.181408125,7.395990024953902,11.5,15.539999999999978,927784.0501924618
2018-12-02,27084.5,336.0,3.677052083333333,12.301666666666664,62.08447916666665,12.288364583333333,59.83406249999999,12.10188541666666,61.06812499999998,276.5872395833334,1.4275679579964053,0.8446616637735209,9.70606494981073,212.97217447916663,7.279548712358054,7.813999999999994,15.390000000000022,787999.4055790665
2018-12-03,27180.5,337.0,4.8384687500000005,13.935729166666667,68.85083333333336,13.86360416666667,66.53135416666663,13.747156250000009,68.03937500000002,152.89370833333334,1.5874127880714501,1.0537009520695362,9.55826185627822,117.72815541666664,7.168696392208641,7.876999999999988,17.009999999999994,622129.8008771677
2018-12-04,27276.5,338.0,5.359749999999999,15.768749999999992,75.81687499999997,15.964374999999999,72.58562500000001,15.692708333333329,75.02687500000002,386.65181249999995,1.7952023296045543,1.3297960160507911,9.418029796955588,297.7218956249999,7.063522347716693,12.070000000000013,18.59999999999997,2474047.2102710153
2018-12-05,27372.5,339.0,5.072697916666667,15.163645833333334,76.89614583333336,15.360208333333333,73.84572916666666,15.163020833333333,76.19593749999999,326.0766770833333,1.7399097639422416,1.3026173364944016,9.285482327407383,251.07904135416666,6.964111745555545,11.259999999999993,18.83999999999997,2134357.9891758286
2018-12-06,27468.5,340.0,5.9729375,12.363020833333323,57.93708333333336,12.514687500000008,55.579687500000006,12.333541666666662,57.297395833333326,334.4455520833333,1.4394734353559204,0.818325675557002,9.16072735767202,257.52307510416665,6.870545518254018,9.070000000000016,14.579999999999993,873804.1870715725
2018-12-07,27564.5,341.0,2.200041666666668,14.353916666666665,58.42354166666666,14.368291666666657,56.90427083333332,14.312708333333333,57.65104166666666,9.020302083333338,1.7452045777258727,0.8814647424430158,9.043867001255162,6.945632604166668,6.782900250941349,4.762,23.25,108538.2468890735
2018-12-08,27660.5,342.0,5.108020833333334,20.4525,55.66520833333334,20.115312500000005,54.49979166666666,19.927604166666665,55.40718750000001,0.019208333333333327,2.4673767450287376,1.1770710778865798,8.934997430400697,0.014790416666666665,6.70124807280051,11.509999999999993,27.659999999999997,-50940.69856320659
2018-12-09,27756.5,343.0,4.212364583333334,20.919166666666666,69.17625,19.991249999999997,67.20520833333336,19.933229166666667,67.86854166666669,10.587750000000002,2.435952684887839,1.5020762462071662,8.834208738109519,8.152567500000005,6.625656553582153,14.599999999999987,29.789999999999974,352396.73949960765
2018-12-10,27852.5,344.0,4.086302083333334,21.437395833333326,61.70531249999999,21.241354166666664,61.48635416666669,21.20072916666667,61.62989583333333,51.267458333333316,2.625540948472033,1.4739602038279613,8.741584807365257,39.47594291666667,6.5561886055239595,14.25,31.070000000000036,2282044.521675818
2018-12-11,27948.5,345.0,2.4390520833333347,21.364895833333332,73.99187500000001,21.329687500000002,73.43822916666666,21.372604166666665,73.853125,0.019156249999999993,2.5835516141681336,1.8648932802176292,8.657203188012668,0.014750312499999996,6.492902391009511,16.730000000000015,28.280000000000033,-55769.989235210465
2018-12-12,28044.5,346.0,3.172364583333333,18.01166666666667,60.43166666666667,17.99395833333334,59.80395833333333,17.93239583333334,60.23468749999998,0.020124999999999997,2.087448140792986,1.1794764612740674,8.581134981718842,0.015496250000000005,6.435851236289143,12.849999999999996,22.220000000000013,-22908.85150705016
2018-12-13,28140.5,347.0,3.987729166666668,17.563125000000003,69.23812499999998,17.503333333333337,69.23104166666668,17.719999999999995,68.96708333333332,0.021749999999999988,2.0589215093129845,1.375341733846258,8.513444735425002,0.016747500000000002,6.385083551568756,12.049999999999978,22.730000000000015,-23678.93130871626
2018-12-14,28236.5,348.0,4.157770833333332,18.057395833333338,79.71458333333332,18.349791666666675,78.22364583333336,18.27447916666667,79.43572916666666,0.01901041666666666,2.1436081842164927,1.6494039059700523,8.45419034367547,0.014638020833333336,6.340642757756609,13.940000000000033,26.010000000000034,-39462.16507339343
2018-12-15,28332.5,349.0,4.720135416666666,20.125312499999996,54.500208333333326,20.400833333333328,54.51,20.28354166666666,55.01791666666666,0.014927083333333329,2.5387151406022057,1.175190496968684,8.403422960181736,0.011493854166666671,6.302567220136315,11.230000000000011,28.460000000000026,-56907.07395004118
2018-12-16,28428.5,350.0,6.017656249999999,24.31708333333333,49.5628125,24.507499999999997,50.21812499999998,24.409791666666674,50.65624999999999,0.014687500000000001,3.223005700745393,1.4507432221742143,8.361186918950999,0.011309375000000003,6.270890189213229,15.91000000000002,32.92999999999996,-101505.80199187047
2018-12-17,28524.5,351.0,6.931489583333335,16.52666666666667,68.08645833333334,16.87447916666667,66.03375,16.723749999999995,67.80593750000003,0.014750000000000004,1.9232882354456988,1.3170809882966261,8.32751966527522,0.0113575,6.245639748956414,13.14000000000001,22.630000000000056,-24332.7708263988
2018-12-18,28620.5,352.0,3.8639479166666657,15.733020833333335,64.18947916666666,16.19979166666667,61.95625000000002,15.893645833333338,64.11406250000002,0.01964583333333333,1.8216853126928865,1.1467566997632301,8.302451696842729,0.015127291666666666,6.226838772632051,12.210000000000017,19.14000000000004,-13254.855077324371
2018-12-19,28716.5,353.0,3.852635416666667,18.40291666666667,72.83208333333329,18.759999999999998,70.655625,18.571250000000003,72.62427083333334,0.015979166666666666,2.1913764964262223,1.557508166750439,8.286006515195142,0.012303958333333342,6.214504886396363,11.850000000000007,23.200000000000014,-24989.298093272242
2018-12-20,28812.5,354.0,3.9365,19.834791666666664,86.71458333333338,20.276562500000004,84.30083333333333,20.085104166666667,86.4414583333333,0.01002083333333334,2.3677100367534885,2.027659951927663,8.278200587715299,0.007716041666666667,6.208650440786461,17.5,24.929999999999993,-36796.906382868045
2018-12-21,28873.5,355.0,3.5125,17.970384615384614,92.74999999999997,18.16423076923077,91.63461538461537,18.28192307692308,92.35,0.0003461538461538462,2.101445131954599,1.9403302003675533,8.279043320289164,0.0002665384615384615,6.209282490216878,16.5,20.19,-18708.100283962835
