fecha,u[m/s]         ,Ts[degC]       ,a[g/m3]        ,p_ref[hPa]     ,Var[u]         ,Var[Ts]        ,Var[a]         ,dir[deg]       ,ustar[m/s]     ,HTs[W/m2]      ,LvE[W/m2]      ,z/L            ,z/L-virt       ,Flag(ustar)    ,Flag(HTs)      ,Flag(LvE)      , r_err_ustar[%],   r_err_HTs[%],   r_err_LvE[%],T_min,T_max
2018-04-04,3.722964438888889,21.777671333333338,17.154975397222216,1007.7590383888892,1.1182357027777778,0.09966166944444445,0.04210102777777778,97.73983722777776,0.407570636111111,-6.028112625,39.218781172222165,0.023210525000000003,0.021657936111111102,1.0,2.0555555555555554,1.75,4.369573097222222,9.032302475000002,29.639428755555553,18.0543823,25.958181400000026
2018-04-05,3.606849738541665,18.030715418749992,14.328032648958327,1011.5537447187502,1.2013410447916661,0.1521597135416666,0.7528550885416668,157.65432964270826,0.40042121458333324,18.53333772499997,56.933243388541655,0.0004087052083333494,-0.0009425281249999699,1.0416666666666667,2.21875,1.75,4.7358075249999985,11.229277349999998,19.176681867708332,14.231563600000003,26.084587099999993
2018-04-06,4.521488797916667,14.836032876041658,8.34812928125,1017.9699606041667,1.6888888666666666,0.027848021874999993,0.7777671041666662,234.68835957395837,0.5121266927083336,-21.103666449999995,37.1153968625,0.005125728124999999,0.004604705208333331,1.0,3.0104166666666665,2.3229166666666665,3.693229218749998,9.173318597916667,48.1937525614583,13.6795292,16.02110480000003
2018-04-07,2.256151776041666,16.278514604166666,13.675174706593399,1014.8160343645832,0.4941772291666664,0.17377515833333324,1.0481396538461538,203.434725921875,0.24635917604166666,29.425475812631564,42.20688523666665,0.08575908125000002,0.08014117291666659,1.5208333333333333,2.5625,2.6770833333333335,6.672141995833333,15.609351503157887,23.90017512666666,11.64688779999998,19.396734200000033
2018-04-08,1.791216530208333,16.35926359166666,18.508343849999985,1016.9088128333337,0.33113641562499985,0.10936892291666665,1.7535960535714292,76.2778190802083,0.18200321145833334,26.715201801111103,52.510351653571426,0.47218785937500024,0.3810218333333332,1.4895833333333333,3.3541666666666665,5.25,6.486547673958332,18.135452204444437,28.983689608928568,9.300929099999989,22.535881
2018-04-09,2.3788323520833337,18.570455049999996,12.191975261538456,1013.7705275416669,0.649453498958333,0.10641448854166663,1.6623252844444443,118.94848717187487,0.26733511979166663,17.643937679787225,27.02557237999999,0.0436752562500001,0.01991245312500005,2.1875,3.1875,3.5104166666666665,9.324142565624992,31.413788918085086,44.02558613888888,12.588192899999987,23.917738000000046
2018-04-10,1.901609882291667,21.80478190520834,22.98234040000001,1005.9300721875002,0.5253235374999997,0.04496261874999998,1.2119113295454544,162.23964039583328,0.21513105104166663,-10.727991178260869,6.341365365116276,0.15646142291666662,0.12242234062499992,1.6770833333333333,4.125,6.59375,7.006519735416666,22.313714192391302,62.848660360465075,19.964683500000035,24.137815500000016
2018-04-11,2.013778660416666,18.98138458854167,20.38889280576923,1005.062439635417,0.5327450947916662,0.040894147916666665,1.975456092307692,189.24737990937504,0.2166537510416667,-9.640239095698918,23.70989765294118,0.22197152083333327,0.20638322604166662,2.0625,3.5208333333333335,5.5,6.688464835416663,21.33166963010752,80.6651589098039,14.700015099999908,22.614404700000005
2018-04-12,3.6303671,14.868750574999975,21.278548949999998,1009.94552625,1.2826299999999997,0.30069429999999975,25.491579724999998,333.61767577499995,0.439476675,-16.267631550000004,-190.33786777499975,0.020277375,0.021374125,1.0,4.0,2.75,3.613207575,22.271885875,35.657017700000004,14.6253261999999,14.9872999
2018-04-13,,,,,,,,,,,,,,,,,,,,,
2018-04-14,,,,,,,,,,,,,,,,,,,,,
2018-04-15,,,,,,,,,,,,,,,,,,,,,
2018-04-16,,,,,,,,,,,,,,,,,,,,,
2018-04-17,,,,,,,,,,,,,,,,,,,,,
2018-04-18,,,,,,,,,,,,,,,,,,,,,
2018-04-19,,,,,,,,,,,,,,,,,,,,,
2018-04-20,,,,,,,,,,,,,,,,,,,,,
2018-04-21,,,,,,,,,,,,,,,,,,,,,
2018-04-22,,,,,,,,,,,,,,,,,,,,,
2018-04-23,,,,,,,,,,,,,,,,,,,,,
2018-04-24,,,,,,,,,,,,,,,,,,,,,
2018-04-25,,,,,,,,,,,,,,,,,,,,,
2018-04-26,,,,,,,,,,,,,,,,,,,,,
2018-04-27,,,,,,,,,,,,,,,,,,,,,
2018-04-28,,,,,,,,,,,,,,,,,,,,,
2018-04-29,,,,,,,,,,,,,,,,,,,,,
2018-04-30,,,,,,,,,,,,,,,,,,,,,
2018-05-01,,,,,,,,,,,,,,,,,,,,,
2018-05-02,,,,,,,,,,,,,,,,,,,,,
2018-05-03,,,,,,,,,,,,,,,,,,,,,
2018-05-04,,,,,,,,,,,,,,,,,,,,,
2018-05-05,,,,,,,,,,,,,,,,,,,,,
2018-05-06,,,,,,,,,,,,,,,,,,,,,
2018-05-07,,,,,,,,,,,,,,,,,,,,,
2018-05-08,,,,,,,,,,,,,,,,,,,,,
2018-05-09,,,,,,,,,,,,,,,,,,,,,
2018-05-10,,,,,,,,,,,,,,,,,,,,,
2018-05-11,,,,,,,,,,,,,,,,,,,,,
2018-05-12,,,,,,,,,,,,,,,,,,,,,
2018-05-13,,,,,,,,,,,,,,,,,,,,,
2018-05-14,,,,,,,,,,,,,,,,,,,,,
2018-05-15,,,,,,,,,,,,,,,,,,,,,
2018-05-16,,,,,,,,,,,,,,,,,,,,,
2018-05-17,2.0937337090909085,9.453942148484845,11.479632493103448,1015.0596683939394,0.3575773848484848,0.005737903030303032,0.3078513,95.87252437878787,0.22880312121212115,-9.36538024848485,4.1669689148148175,0.025875457575757568,0.024776581818181813,1.0606060606060606,2.6666666666666665,4.181818181818182,5.40087443939394,10.190527387878786,42.13916042962961,9.165068600000003,10.229494999999991
2018-05-18,2.4638574968749993,11.491377557291658,12.384181810416669,1013.8302046770832,0.6349448572916663,0.9924056177083324,0.14731387291666667,87.90840780833332,0.28776890104166675,61.811972231249996,39.258064596808474,0.0630474781249999,0.05480679479166664,1.3333333333333333,2.0,2.6666666666666665,6.357303502083332,14.470932584374998,40.612701252127636,7.688270600000002,16.77788729999998
2018-05-19,4.62890790625,12.05041425416666,11.012334681720422,1018.4573517291665,1.973997067708334,0.06312098645833332,1.6159843602150537,248.6762879041668,0.519742840625,-32.430403679166666,49.97037925652175,0.018145086458333324,0.01717707395833333,1.0416666666666667,2.8958333333333335,2.5,4.272828810416668,16.537890708333332,35.64663315108695,7.716819800000014,13.583287200000003
2018-05-20,1.608368057291666,11.608509616666666,11.68101100833333,1016.8731874166664,0.2746316833333334,0.11181112604166661,0.033712181250000015,188.15286368124987,0.16553971041666657,1.3082912124999952,23.524151086458332,0.17536283645833337,0.15587259999999978,1.40625,1.9895833333333333,2.4166666666666665,6.240487210416664,18.662466292708334,26.608224848958333,7.078180299999989,14.554743800000018
2018-05-21,3.0059346854166655,10.933699786458332,10.307967916666664,1014.1806406250001,0.7902114270833334,0.06708898229166664,1.6660489770833322,155.35336574895828,0.3244664999999998,3.2241441812500007,47.08002695578946,0.031675076041666646,0.02998440104166666,1.0,2.2604166666666665,2.8958333333333335,4.668944189583333,20.051260998958337,47.19179393578948,6.777862500000004,15.678496400000013
2018-05-22,2.5032385854166663,8.115718067708329,8.5899978875,1017.4621938437499,0.6330395447916662,0.08908899895833326,0.05291496354166664,48.38468222708332,0.2736338510416665,6.598678444791666,54.7728242347368,0.24438907395833329,0.22144296145833334,1.25,1.9895833333333333,2.8958333333333335,5.032614461458333,11.099625777083327,48.530022069473674,3.7249462999999996,15.042846699999991
2018-05-23,1.696719521874999,7.801307046874995,8.968629732291662,1020.1780866145837,0.2906285708333332,0.1604682958333333,0.040897704166666646,61.352564228125,0.17818839166666658,20.34556946210526,35.699969930851026,0.9828981458333331,0.7561385760416653,1.7604166666666667,2.5104166666666665,3.40625,12.460237084375002,23.928469186315784,59.625761704255325,1.71363089999999,16.115247699999887
2018-05-24,1.357706570833333,7.784762095833332,8.776518180208328,1021.8962841354164,0.15510956979166662,0.17994632499999993,0.05876927916666664,76.6328106927083,0.1108321145833333,18.416910390624988,26.454051452083316,0.37808150104166605,0.30881020624999983,1.8020833333333333,2.6145833333333335,3.1666666666666665,7.817600935416668,16.93388694791666,42.434966146875006,0.40099779999999957,16.682039300000024
2018-05-25,2.6722945447916664,10.064899304166662,10.394356434374993,1019.4821561874996,0.6453029999999996,0.10758516041666664,0.027654309375,88.15647395312497,0.26977584895833323,10.437708302083324,28.552928350526283,0.13624905416666663,0.13162887916666663,1.0416666666666667,1.9479166666666667,2.3125,4.879095078124998,12.474539610416665,31.48670369789473,4.917609200000004,17.623514200000027
2018-05-26,2.8720894916666673,10.967554718749989,11.013794405681809,1015.4985199166662,0.6931617020833327,0.083900665625,0.0792959681818182,102.28232256458337,0.30431196562499996,-0.16268796979166164,24.387842969318193,0.06387255833333332,0.06303115624999998,1.0208333333333333,2.125,2.9895833333333335,4.566884758333334,12.43059792812499,33.28145254431818,5.762128800000014,17.43531230000002
2018-05-27,1.3029348041666657,11.122001012500006,12.02883124666666,1015.7811470208335,0.17551632916666668,0.18997081145833325,10.24042080933333,112.24798529374999,0.1241723156249999,19.601315651685375,15.59082923108104,0.10858420520833324,0.08021231458333324,1.90625,3.3333333333333335,4.489583333333333,8.795727095833334,19.410212432584267,55.242710967567554,4.678480599999996,19.092998500000018
2018-05-28,1.9704591489583336,14.882392652083327,14.823459518604649,1010.2255084062499,2.067180466666664,3.523129041666666,20.60489104523807,151.4335924479166,0.42904596458333316,648.6368997164835,46.66546171428589,0.028496563541666662,0.02305685937499997,1.46875,4.260416666666667,7.114583333333333,5.185516519791666,15.141588134065932,76.32039560952379,10.486792599999973,20.963279699999976
2018-05-29,1.4413621864583328,15.127437478124994,17.22194013606557,1009.4254424270833,0.38886852708333325,0.07732145,1.2107189440677966,208.21236616874987,0.16192682500000002,0.09885395000000086,22.273180461666666,0.12806362604166652,0.12186880208333327,2.6979166666666665,4.0,5.104166666666667,11.511875932291654,24.058696211111105,28.53174805172414,10.226778999999988,18.896480599999965
2018-05-30,3.3385667572916664,12.896310269791657,12.941403259302321,1015.6447640312491,1.063813855208333,0.0843691656249999,0.8303813023529409,280.1217778791667,0.3662490114583332,-7.908126409375,70.57065438720932,0.03265254062499998,0.02815434270833332,1.0416666666666667,2.5833333333333335,2.3229166666666665,5.050806309374997,10.011742335416663,51.59680570705872,10.929664600000017,16.289100599999987
2018-05-31,5.022892830526314,10.835971678947365,11.859079197894731,1021.5854390315791,2.069131678947369,0.028730255789473684,0.2467573052631578,271.3971747157895,0.5801194526315786,-27.466581662105263,58.49621383578949,0.00574133263157895,0.005118037894736842,1.0,3.094736842105263,1.2842105263157895,4.242277381052632,14.23505000105263,14.674517398947364,9.086092900000013,12.551827400000002
2018-06-01,4.967181456249998,9.296968173958328,9.80849429166667,1022.2519728541665,2.007359779166666,0.03556722291666665,0.035629235416666655,285.83082802812487,0.5394849135416665,-20.03407285937501,48.81592145833333,0.005357035416666665,0.0047334718749999964,1.0208333333333333,2.8541666666666665,1.2291666666666667,4.359300477083331,10.159153380208329,13.716541278124998,7.5708002999999815,10.759241100000025
2018-06-02,3.4862795468750005,8.61296357708333,9.334924231249998,1025.8301595208336,1.054484177083333,0.04741325520833334,1.0299079979166668,323.2662324916666,0.36104343645833326,-2.831957285416657,38.984135650000006,0.00962486770833333,0.008275593749999999,1.0416666666666667,2.7916666666666665,1.8645833333333333,4.593604291666666,14.16586470312499,31.070914379166652,6.986035300000015,11.003622100000008
2018-06-03,1.6553410802083333,8.792584210416669,10.329629293750001,1032.1760635833327,0.3131628979166667,0.019951233333333335,0.03683824791666666,277.1783710281249,0.16919715833333338,-2.0363389072916642,18.732269029166666,0.15183517499999982,0.1245129333333333,1.6875,1.6666666666666667,1.3541666666666667,8.399990365624998,14.579250849999994,20.122221202083324,7.816058600000011,10.06173320000002
2018-06-04,0.9182900166666665,8.05497390208333,10.339892826881712,1029.361414645833,0.11203756145833327,0.031840128125,0.2046337322580645,152.82132478124996,0.08774936979166664,4.10154596736842,16.693719043478268,0.904805087499999,0.7734565520833335,2.3958333333333335,2.4166666666666665,2.4166666666666665,11.965996313541664,26.248489772631572,27.843452564130427,5.961242700000004,10.638353299999977
2018-06-05,1.752290656790124,6.322639406172838,8.10736616986301,1018.8901119375,0.26992508395061726,0.08645064567901231,0.31233718888888873,81.13458089012343,0.17242156666666664,11.563834775,31.5823945597222,0.16879530864197503,0.16059724444444445,2.4270833333333335,3.3541666666666665,4.447916666666667,6.165642002469133,12.7094400375,49.58260417083334,2.8987664999999976,10.083146100000015
2018-06-06,2.6025670593749997,7.2688118062500005,12.93333869277108,1009.9857699374993,0.6053198906249999,0.06882792604166665,3.45929706626506,64.45773847708332,0.27349623229166664,8.15058924842105,25.314948008536575,0.06993328124999999,0.06749480208333329,1.0,2.2291666666666665,3.5833333333333335,5.034059351041667,11.721529728421046,53.415986274390235,1.5712867000000015,13.430844299999992
2018-06-07,4.543631567708332,8.030691185416666,8.601910582499993,1009.9481780312499,1.6830492822916658,0.04971398020833334,18.97333779102563,204.9964530677083,0.5017650687499998,-22.479059431249993,147.5537006307692,0.00953770520833333,0.007916069791666662,1.0208333333333333,3.5625,3.46875,4.062863560416667,12.295572783333332,27.628811141025647,3.777529,10.076956699999988
2018-06-08,3.6576456374999986,7.055737484374997,6.926997060215052,1010.3618730937505,1.16870090625,0.06086075833333332,0.04758168709677414,52.435247740625016,0.3824455937499999,-2.995951742708332,33.75195117311828,0.02328790729166666,0.02218050416666666,1.0,2.0208333333333335,2.0729166666666665,4.165390136458332,11.191451786458332,19.148834576344083,1.4985604000000015,13.347938500000032
2018-06-09,1.5333753937499988,6.97616530625,5.176327971604934,1011.3927263124998,0.22034597499999994,0.09969382207792209,0.061384552631578916,87.20203091184203,0.1695012499999999,8.01142972266667,22.70481420405403,8.844963726250002,8.839095668750002,2.9375,3.6354166666666665,4.364583333333333,6.130973940789471,18.254360109333327,39.48644454729729,2.7706161000000047,13.31826020000001
2018-06-10,1.3592187446808501,11.82005934255319,6.335683747674415,1007.0772648229166,0.17053789361702126,0.033367657446808495,2.3024038529411768,197.5301515574468,0.13799179148936155,-2.93942850645161,11.887857024999994,0.14079612978723388,0.1301790234042553,1.4375,2.4791666666666665,4.34375,6.904463607446811,25.06836070430107,66.68445776904757,9.028708499999995,14.932645800000026
2018-06-11,4.192903341666666,11.754897539583332,9.516711682291666,1009.0413284270835,1.471762873958333,0.020232969791666663,0.04461188958333334,281.3946091364583,0.46690363124999995,-22.20549053541666,18.009584270833326,0.01428447916666667,0.014213638541666672,1.0,2.5520833333333335,2.0833333333333335,4.456783615624999,8.73443470625,43.294653480208304,10.505152699999917,12.67103580000002
2018-06-12,5.988223001041664,12.614105391666664,8.671153794318181,1010.3031502187505,17.219359327083325,16.952180773958336,19.00226516704545,272.35008685,2.024967667708333,6738.9761641697905,413.2023034784093,-0.000851757291666666,-0.0008823708333333333,1.0,3.78125,3.7916666666666665,5.127914293749999,10.468173408333334,87.51969194090908,8.869290399999986,21.997303000000045
2018-06-13,4.191587733749999,7.317962750000001,8.041304382500002,1017.5713139062501,1.5670950025,0.05511952874999998,1.7305512949999986,257.64198826499995,0.4112519224999998,-20.68298586374998,52.88420978874998,0.08003376624999996,0.07768501374999999,2.3854166666666665,3.4270833333333335,3.1354166666666665,4.237694116250001,9.995607139999999,21.239917548749972,2.4733185999999994,10.110150299999988
2018-06-14,2.1058048782051286,5.65460677051282,6.334440868918918,1024.2476495416663,0.41365710512820486,0.10351144999999992,23.24764687432433,230.164270901282,0.21366225512820508,9.674133371794879,-37.45570872054799,0.12136531282051277,0.12164127179487175,2.7916666666666665,3.53125,4.71875,5.979066310256408,17.049520660256402,55.719685975342465,2.625989400000003,9.797515900000006
2018-06-15,1.5707313362637365,4.6807490846153845,5.8202012952380935,1030.7250468124998,0.20535065934065924,0.14666079670329674,0.128662363095238,243.89606362967035,0.1411260252747253,14.646065639325828,27.69853022738094,0.32974960989010965,0.3105965098901097,2.1979166666666665,3.1770833333333335,3.8541666666666665,8.114186980219777,19.64813410898876,49.50496820238093,0.5920600000000015,10.424295400000004
2018-06-16,2.9314643666666664,4.066121268749998,9.909403243283581,1029.1288541458327,0.7998546614583333,0.06152390625,6.529482895522386,82.41944595104167,0.2913724885416666,2.95465672631579,28.83989111194028,0.35704186979166724,0.43800334062499985,1.5208333333333333,3.2395833333333335,4.375,5.571361076041668,10.747789115789475,59.83498828358206,-1.3854836999999984,10.111998599999994
2018-06-17,5.227995719791665,7.321201681250002,8.44268181875,1023.4450957604167,1.9706490302083326,0.06717433645833333,0.021702269791666663,66.49526241874996,0.5386718072916664,-12.383815230208333,29.32960071874999,0.007851031250000001,0.007468119791666662,1.0,2.9166666666666665,1.3645833333333333,3.8736011135416675,8.575350727083329,15.199886380208335,3.4663626999999955,12.25980000000002
2018-06-18,4.031577641666666,8.455387407291662,9.059364716666662,1021.035052041667,1.2092768062499997,0.07547557916666665,0.014869840624999997,69.66076552708334,0.419494953125,-8.759883418750007,20.290846230208334,0.017185540624999992,0.016596159374999992,1.0,2.3125,2.0416666666666665,4.302650944791667,9.235888315625001,26.082422892708312,3.7677054000000063,14.903748499999972
2018-06-19,3.470298232291667,9.419335633333331,9.343963049999997,1015.3044675833331,0.9568759010416666,0.06482406874999999,0.021570059375000002,66.86007424166664,0.3568146072916667,-7.36680106770833,16.222691466666664,0.04956290833333332,0.04791625208333331,1.0,1.6458333333333333,2.3125,4.492511626041664,10.000078047916661,31.34739503958333,5.402605100000005,16.02884100000004
2018-06-20,1.6796005562499998,8.737379830208331,11.633177058490562,1014.9270948229167,0.23021365729166654,0.125278609375,13.4564067245283,174.39912222395836,0.15914749270833323,14.957829482954548,38.81915453018867,0.22860877083333334,0.18402948645833364,1.8541666666666667,3.7395833333333335,5.75,7.443224592708333,13.770653120454542,37.434312328301864,3.6573157000000065,14.975282699999985
2018-06-21,4.742212751041666,7.976562578125002,7.546252620454544,1011.0560163125,2.108883679166666,0.0807051645833333,0.5230021206896548,216.7545595458333,0.5127552364583333,-26.664286212499974,70.5849451988636,0.026477402083333313,0.025294622916666672,1.0208333333333333,2.875,2.0416666666666665,4.1152742291666655,9.450404097916664,14.319186695454544,2.360791400000003,12.38093089999999
2018-06-22,4.095327272916667,6.804675338541663,7.767978164583333,1011.0398000312499,1.4185746041666665,0.07793023645833334,0.014806757291666665,56.89356465624999,0.4308313885416666,-12.158319931578935,33.945320766315774,0.02856177812499999,0.027524418750000012,1.0,2.1875,1.8541666666666667,4.107518927083333,11.243637880000001,22.31455802315788,-0.03620670000000004,14.367786400000028
2018-06-23,4.4657673739583315,5.3510142374999985,7.695737975824175,1012.0317708020829,1.9021623322916665,0.09001478437499999,10.277575075824174,167.44738485520833,0.4681275708333332,-5.118094862500002,-28.236862576923084,0.03250926979166667,0.03256951145833334,1.0208333333333333,2.8229166666666665,3.4270833333333335,4.136221477083331,19.961008142708327,48.339069498901075,1.9280474999999984,10.677199399999978
2018-06-24,3.492122091666664,2.9334177020833336,5.897930580898875,1019.1791547395834,0.9140504562499995,0.12285760208333336,0.037500404494382,44.025453273958334,0.36747183541666656,-8.551172923157898,40.02186689775279,0.031053962499999994,0.028685787499999893,1.0625,2.1145833333333335,2.28125,4.840700683333335,11.611397397894732,22.168322551685385,-1.6535807000000007,9.013626100000009
2018-06-25,3.4973406979166666,3.0001046666666658,6.3021223395833355,1011.7468459166662,1.0848973833333335,0.2929761864583333,0.017395342708333334,56.854813813541654,0.36807169375,29.984664860416675,23.69599180947369,0.10460869062500001,0.09975532604166666,1.0729166666666667,2.2708333333333335,2.1458333333333335,4.615248962500001,10.113537384375002,25.28223895999999,-2.060995600000003,11.510547600000004
2018-06-26,2.635993649999999,7.509634475000002,8.016757104166665,1008.6595294479171,0.6959555177083333,0.053758326041666644,0.04207051874999999,83.255485725,0.27176504791666656,-2.1655254552083334,23.65974948541668,0.3534870666666667,0.31648539479166665,1.5729166666666667,2.4791666666666665,2.7083333333333335,6.525327506249997,26.217790849999997,32.882436379166656,0.8046642999999992,15.509357500000014
2018-06-27,2.951251453125,10.09668779791666,9.221212348958325,1008.5749131145834,0.8203206208333328,0.05673050937499999,0.11186175416666656,73.02853269166665,0.2990668041666666,-1.6940179197916658,18.945044808421052,6.0460034020833335,2.2601191156250016,1.4479166666666667,2.1979166666666665,3.65625,5.683820089583334,15.384437703124997,66.45975505473682,5.413762099999989,16.115356400000035
2018-06-28,1.3655670720930226,8.128424541860465,6.397133964367814,1015.4206104895835,0.12847922325581396,0.11429904302325578,0.09328088604651158,90.27111610581387,0.11549210465116286,5.552144972093022,19.711005941176467,0.3643009162790696,0.3273303453488371,2.6041666666666665,3.3541666666666665,3.84375,7.6295186174418586,19.44629399302325,33.910382157647035,1.7137381000000003,15.320584300000005
2018-06-29,,,,1013.25,,,,,,,,,,9.0,9.0,9.0,,,,,
2018-06-30,,,,1013.25,,,,,,,,,,9.0,9.0,9.0,,,,,
2018-07-01,1.9165817854545453,9.37993955818181,5.571462895652173,1011.7622161249999,0.34525489636363643,0.02394601272727272,0.16506437272727273,146.29449369818178,0.1987127527272727,9.69596177272727,-0.30815992790697444,-0.13694938545454544,-0.13222027090909091,3.6375,4.1875,6.5875,6.280333749090908,14.42885251818182,137.66788270232556,7.625381500000001,11.346211400000008
2018-07-02,3.637867939024388,8.175611386585368,8.377290747619048,1014.9072672916667,1.1620028560975604,0.05292029756097558,40.458727575806435,311.9761482,0.36239247073170716,-16.997660593902438,83.95074877580646,0.017743980487804876,0.01590291463414633,2.2083333333333335,4.125,5.260416666666667,4.822398430487805,26.983241447560953,64.22571958870965,3.751596199999996,10.132087700000026
2018-07-03,2.3574786522727265,5.149311484090908,7.494895308888888,1019.2493909583336,0.5328107568181816,0.09158611136363635,0.026109339999999988,223.66056031363632,0.23397025454545456,13.395558259090903,27.150826150000004,0.13869804545454548,0.1321766659090909,5.354166666666667,5.625,6.052083333333333,5.250720545454546,10.739236806818173,29.493237865909055,1.6410950000000042,8.29615880000002
2018-07-04,1.2208042204301075,4.02598349032258,6.936746808510643,1022.5088654374998,0.14028022150537636,0.04975173010752686,0.023091582795698923,49.09966930430105,0.11105661935483872,6.966585926086955,12.551093444565215,0.4900889516129029,0.437781005376344,1.8854166666666667,2.4166666666666665,3.3020833333333335,8.689927850537629,30.14397819021739,79.59941892717389,-0.1948960999999999,8.3710241
2018-07-05,0.73923095,4.328775587499999,7.6196007625,1013.9859542812501,0.046711137499999986,0.013537399999999988,0.0045969999999999995,153.7046174875,0.0580498,-2.4197240124999997,1.046859525,0.5966914625,0.538447075,8.458333333333334,8.385416666666666,8.583333333333334,7.719143387499999,13.97940635,45.47973763749998,4.090827900000005,4.622749800000005
2018-07-06,4.282507282857142,9.06214754857143,9.917437814999996,1018.1654008437495,1.390258645714285,0.10729234285714277,0.015009486111111102,207.90084708571428,0.4641603399999999,25.49566711999999,33.91832723714284,0.002339865714285721,0.0017682542857142861,6.125,6.5625,6.270833333333333,4.179321259999999,9.551700939999996,15.922110225714286,4.742069200000002,10.238590199999983
2018-07-07,3.9578048028571424,9.99023855142857,9.740808894736837,1016.8078816770832,1.1203919571428569,0.011442211428571427,0.06443551142857142,248.26007690857145,0.4123907771428571,-18.88465743428571,5.840561936363634,0.007934677142857144,0.00749961714285714,6.145833333333333,6.90625,7.09375,5.305818214285713,10.062513734285712,89.54112173939394,9.153078100000009,10.231260300000008
2018-07-08,2.4484254620689656,7.7356675310344825,9.148157,1018.7942352708332,0.43291327931034485,0.06210818275862065,0.006222593103448276,270.8060986758621,0.25825447931034473,-29.91194236551724,10.14615001034483,0.05096289999999999,0.04890489310344827,6.583333333333333,6.770833333333333,6.708333333333333,5.817640448275862,9.665504748275861,15.00006216206896,6.260869500000009,9.789395300000017
2018-07-09,1.459840814285714,4.990025669047617,7.563409257500001,1022.2430890833335,0.14091910714285708,0.06294757857142856,0.013129305128205102,305.42067555476194,0.1299624857142856,-11.409361466666667,3.286077820512819,0.15127586666666687,0.12367512142857137,5.6875,5.885416666666667,6.3125,6.698200714285714,14.09024490238095,42.51507470512821,2.028680299999998,7.4019426999999824
2018-07-10,2.798905570212765,6.048407210638295,8.618450953658536,1022.2630157499995,0.7767213659574466,0.10045356382978725,14.013400090243904,97.47419416170213,0.27499990212765946,29.28978758043475,23.19553200249999,1.1597530574468093,0.9838228893617018,5.635416666666667,6.083333333333333,6.197916666666667,6.740515593617016,23.181239434782608,33.30630419749999,-0.6200686000000014,10.166722299999977
2018-07-11,2.9004520157894724,6.112732031578947,18.781789095238096,1018.8230018854165,0.659091686842105,0.1565489710526316,11.66827399,98.67120319999998,0.299924594736842,4.4712947432432415,68.40060809999999,0.04675110526315789,0.043884292105263144,5.916666666666667,7.052083333333333,7.875,5.119293115789474,13.956093208108104,48.454981794999995,2.5466428000000003,11.972686800000012
2018-07-12,4.586807075,9.6771600375,10.21720667,1013.1271470416667,1.6479171750000001,0.025783774999999995,0.0015907375,48.239625700000005,0.4964030499999999,-40.14679076249999,4.769950575,0.009017812499999998,0.008736474999999999,8.333333333333334,8.5,8.333333333333334,3.8914878999999996,7.79022885,11.768885962499999,9.465293900000004,9.957756000000012
2018-07-13,2.1145167256410247,10.210859042307689,9.764607307594932,1012.51455821875,0.36407255000000005,0.07274454615384614,0.023140737179487177,67.96560205897437,0.21985441923076907,-2.6170660935897483,13.511895133333333,0.04171925,0.03876004871794873,2.5729166666666665,3.0520833333333335,4.052083333333333,5.4445744679487165,14.370705871794872,49.859691396153835,5.773049399999994,15.479433100000032
2018-07-14,1.6751256428571428,8.80145645,6.83541002352941,1012.5500399479166,0.22441360000000005,0.020373964285714277,0.43446435714285714,81.30543899285713,0.14714607142857136,-9.178737249999989,2.356765661538463,0.5706391214285714,0.5104778071428571,7.927083333333333,7.947916666666667,8.447916666666666,8.509053192857134,13.511373992857141,73.58397834615383,8.384233500000015,9.102807999999989
2018-07-15,2.2250438599999987,9.051848008,9.910116503703701,1014.7218894895835,0.4071573919999999,0.069789488,0.07396327999999999,279.0855920359999,0.23317993599999987,7.528919467999997,12.979807935999991,0.03981944799999999,0.033846023999999995,6.9375,7.1875,7.229166666666667,6.198625687999997,13.28031262799999,30.329479015999997,7.26114080000001,10.480328600000005
2018-07-16,1.4628081449999997,3.7283825949999994,6.6229931181818165,1016.9413108958332,0.10242135,0.14971868999999996,0.005844675,223.00059052,0.09874114499999999,-15.448488945,1.4021825000000006,0.48926034000000007,0.45969653,7.59375,7.875,8.010416666666666,10.844972774999997,48.51599978999999,62.60854574,2.7971458000000045,4.7218813999999885
2018-07-17,3.208472284848482,8.009754940909087,9.187074231343281,1022.6358286770828,0.9407652787878784,0.12492210454545455,0.009160631818181815,206.03771578939393,0.36879549545454543,34.73126790909088,13.805108390909085,0.018953286363636343,0.018308856060606053,3.5625,3.8645833333333335,4.416666666666667,4.999486972727271,12.458799740909086,29.70791483030303,4.380357699999994,11.028982199999886
2018-07-18,5.765081088888887,11.35412463518519,1.3849641434782607,1016.6832669375,20.329560346296294,22.62251889814814,13.899347488888884,211.26451336851855,2.315436012962963,4758.9865292259265,107.80740413695655,-0.006910674074074074,-0.006839600000000001,4.541666666666667,5.84375,6.416666666666667,2.615789812962962,8.074633631481477,123.02321478888886,10.078278500000009,12.669271499999999
2018-07-19,,,,1013.25,,,,,,,,,,9.0,9.0,9.0,,,,,
2018-07-20,6.607809749999998,8.18715866875,3.9209110249999997,1010.7420832270835,12.728917856249993,14.745696368749995,42.592074975,34.059841049999996,2.1892169374999995,6673.058426031251,470.8461348187507,-0.007190300000000001,-0.007094593750000001,7.666666666666667,8.083333333333334,8.041666666666666,3.3079264500000005,11.3498392125,243.38795761249995,5.026768699999994,12.342170699999999
2018-07-21,4.281486318644066,8.220765977966101,9.439690780645162,1012.0502834635419,2.4843351101694915,3.1924717779661034,0.3564821237288132,64.70404433559318,0.587796901694915,488.65080331864414,53.08074892203387,0.05441798983050847,0.0504260779661017,4.239583333333333,4.90625,4.78125,5.153731049152541,12.820588088135592,21.126943276271174,3.8764327000000054,11.953710600000015
2018-07-22,2.647635875510203,4.721685261224489,9.076002430612242,1014.5035718645831,0.5712041408163262,0.04238421428571428,0.009015383673469388,92.47950773673467,0.25938910816326527,-18.055449345833335,13.397617527659571,0.1499574224489795,0.14465201020408158,5.020833333333333,5.479166666666667,5.854166666666667,5.183679310204081,16.449861593749997,45.04235122765933,2.5873129,9.046071099999983
2018-07-23,1.0221468,1.6071005250000001,7.352510766666668,1014.4868977812501,0.010770400000000001,0.029276774999999977,0.0018562500000000003,25.052248475000003,0.027390849999999998,-0.6134933499999999,0.2314016666666667,0.931385575,0.8545728499999999,8.6875,8.822916666666666,8.833333333333334,9.076916725,116.24862787499998,115.60072329999997,1.0646117999999987,2.218589500000005
2018-07-24,1.4325951,0.9775068,7.0215478,1013.4587910937499,0.0034626,0.019779,0.000192,23.5948563,0.0309258,-3.1197405,-1.1367207,2.7242978,2.5599998,8.9375,8.9375,8.9375,5.9781342,17.0039196,16.7618523,0.9775068000000003,0.9775068000000003
2018-07-25,1.8668138421874998,6.688050973437499,13.169075106521738,1026.742084541667,0.30679510156249984,0.19019993124999995,25.119808310869566,228.88153032812497,0.17991201249999997,26.231507240740736,21.354477545652177,5.7680121203125,0.19809169218750008,4.395833333333333,5.59375,6.260416666666667,8.981227340624999,21.77589672407406,36.607571163043474,-0.9753115,11.840457000000013
2018-07-26,4.103703172916666,10.71255095520833,11.362319157291664,1027.619171197916,1.362772394791666,0.08497513541666661,0.0065239208333333345,216.11227830416667,0.4645355802083331,8.969326341666632,12.413266475531913,0.010009986458333326,0.009650358333333326,1.0,2.59375,2.4583333333333335,3.7456140874999995,10.595536979166662,44.01626334680852,8.297348000000019,13.290058099999987
2018-07-27,3.876560292708333,11.319446097916662,11.540963268478258,1022.6789983854165,1.1913251093749995,0.09218732500000003,27.1261846771739,215.41353210104168,0.43831550833333327,26.008961720833298,19.269751847826075,-8.232187500000183e-05,-0.0003908625000000001,1.0,2.7708333333333335,2.78125,4.047918842708333,17.053092961458336,41.40674998260869,10.22139549999998,13.744977999999968
2018-07-28,3.273381585416665,10.880937812499996,7.445727273626379,1013.697289875,0.9091921,0.00583467083333333,64.0058640111111,233.28873157187488,0.3634432812499999,6.0456627399999885,-84.44069043406598,-0.002217554166666666,-0.00018427916666666392,1.0,2.96875,4.583333333333333,4.4705385802083315,12.687970778947367,88.34097673736262,10.303447699999994,11.701141399999997
2018-07-29,3.4378636791666666,10.22000795833333,9.950619443835615,1007.2868951770835,1.0764923968749998,0.030170103124999983,3.1384456986111107,292.06240263854164,0.34339836562499987,-4.275678218750002,28.19141860833333,0.03670272291666666,0.034419528124999994,1.0,2.84375,4.020833333333333,5.000023107291665,14.947330997916659,48.633201115492916,6.8828420999999915,11.940020600000018
2018-07-30,2.7890062093749983,6.6210798281250005,7.2527242437499995,1015.6475760208333,0.6953114302083329,0.0873082614583333,0.7587584229166658,197.10363560937483,0.29035216354166654,-2.7324386854166622,47.938853685106345,0.03709815520833331,0.03451654999999997,1.0520833333333333,2.1770833333333335,2.875,4.83235850625,13.99437559479167,38.7861475904255,2.283523099999997,12.742804499999998
2018-07-31,1.9624776031249989,4.764125376041665,6.987173819791667,1024.816015270833,0.36234394583333324,0.20754320729166661,0.08267985208333332,154.90974669062493,0.19481562187499993,20.632583178124975,26.28035059166665,0.19556859062499987,0.25095497187499993,1.9583333333333333,2.375,2.5729166666666665,7.418313749999997,19.708456118749982,30.694858439583317,1.3226638999999978,10.3646698
2018-08-01,2.4862066145833324,4.073763110416665,6.892068772916667,1024.41776346875,0.5909174760416663,0.1724350760416666,0.02809398125,80.09441969791659,0.23955500208333338,28.367458219791672,27.915990235106374,1.0555585510416676,0.8842379979166658,1.4791666666666667,2.0625,2.8333333333333335,5.627551799999999,11.925162140624998,29.759860441489344,-1.7512089999999987,10.279778500000015
2018-08-02,1.8718643260416652,5.595186553124999,7.8442389802816885,1024.7010911770838,0.30071853124999987,0.17193646562499995,0.3069816929577461,107.22313169374992,0.18434545937499994,23.840124293749962,27.164734960000015,0.1658276249999999,0.15854798750000001,1.4270833333333333,2.8125,4.104166666666667,5.972782692708331,14.183926192708327,30.470820091428557,0.394106399999999,12.486478799999988
2018-08-03,1.6005777302083322,7.301035313541671,16.607193368888883,1022.0781300833332,0.34349991979166655,0.14442972708333332,13.260195640000001,194.55984626666665,0.16572682604166664,36.44961197631581,50.99132873333331,0.6944775125000001,0.4968973239583336,3.0,5.21875,6.447916666666667,11.438343821874993,29.21915893421053,42.598504533333326,1.6657845999999974,13.032551799999984
2018-08-04,1.4421502124999994,8.811009284374997,9.5652879016129,1018.3683059062504,0.39087035937499987,0.7861243947916665,24.197603596721308,218.63138824687493,0.18706236145833333,85.30892344615384,42.62432751311473,-0.09431426145833342,-0.12509772812500022,1.8854166666666667,3.3229166666666665,5.65625,10.417699813541667,20.49219727582416,70.5853432032787,3.0758342999999972,15.211838700000024
2018-08-05,2.621432111458334,8.66784482708333,13.035049966666662,1015.361503,0.6015094333333332,0.14667400625,5.016068348484849,69.96367969270831,0.2560352062500001,9.030539575000002,46.926214157575764,0.39058744583333344,0.3390333354166665,1.3333333333333333,3.2291666666666665,4.302083333333333,6.049555045833331,13.836563474999991,57.953059610606076,1.6812596000000017,16.40625380000004
2018-08-06,2.715148013541666,11.462556072916662,9.973230032291662,1015.963881875,0.5567171083333331,0.15236011562499993,0.03255353333333334,87.14205193541665,0.2778436770833334,11.78934204687497,22.47808814210526,0.04639113229166664,0.04503269791666667,1.0208333333333333,1.4895833333333333,2.46875,4.654057087499996,10.081745996874997,35.50946674105259,5.7605500000000065,18.796625100000025
2018-08-07,2.9234411625,11.742616267708323,10.240533878124994,1013.1571757395833,0.8465668083333332,0.0748931364583333,0.029284663541666645,132.4409780989583,0.3247996697916666,1.4584947416666687,17.145427307368426,0.07064205104166667,0.068268678125,1.5,1.90625,3.0625,5.382033911458332,12.681140453125003,53.5402423768421,8.299923899999987,16.711429599999978
2018-08-08,5.9439337864583335,10.156665143750002,5.169720151041665,1015.4642372916664,11.33006811666666,17.371019578125,1.5616162302083334,277.2200508083332,1.379719696875,3688.963341715625,153.48156727368425,0.8610460479166661,0.5802151041666667,1.4479166666666667,3.125,3.90625,6.055042908333335,17.25628254895832,76.08232674210522,8.073421499999997,16.45099830000002
2018-08-09,6.39714710625,8.201443685416669,6.892249983333332,1023.771115645833,3.0644560020833342,0.050060303124999955,0.017737266666666668,280.1050949124999,0.678260847916667,-8.074221658333338,42.105364992631586,-0.00048427395833333295,-0.0007235499999999998,1.0,2.8854166666666665,1.4791666666666667,4.0161416656250015,8.04367001770833,10.335874615789471,7.2365088000000135,9.21921829999999
2018-08-10,4.437289757291667,9.797008835416664,5.584618407142854,1021.8605054583335,1.411416553125,0.035505938541666664,3.7814675728571427,290.96716372291667,0.4413818927083333,13.505699551063808,9.845810141428569,-0.0032893312499999994,-0.002825855208333332,1.0,3.1145833333333335,5.125,4.648327754166666,9.634849436170205,117.82046145714287,7.874353400000011,12.15837099999999
2018-08-11,1.961332521875,10.743543779166659,13.243530276923073,1022.33916734375,1.1421082510416665,2.071647008333333,44.23421550769229,217.65530006145823,0.4641099635416666,956.8802351322208,683.9385952680001,-0.05596385416666667,-0.04677249583333331,1.46875,4.0,6.697916666666667,6.2549571395833325,16.150887083333327,119.14980487999996,9.333840399999987,15.093996999999964
2018-08-12,2.637766139583333,12.148673922916663,11.178594140350873,1020.9332491770837,0.5569185093749999,0.07383807708333327,0.14086454385964908,118.7240047479166,0.2932494874999999,18.11512858105262,31.034235426315778,0.009979921875,0.009261405208333328,1.0,3.0833333333333335,5.03125,4.653582792708333,12.2704168831579,39.35159992982456,10.711191200000009,15.021616900000021
2018-08-13,1.7865504749999987,11.855117416666658,11.017840514285714,1016.08056778125,0.3005539541666665,0.04225279374999999,1.8721027226190472,145.40321216979154,0.1896337989583334,9.546726013978494,6.939508896385538,0.08992344270833331,0.08571734479166666,1.4375,2.2395833333333335,4.0,6.641558442708331,19.748457407526878,70.4789925518072,7.299979699999995,15.066906000000012
2018-08-14,4.677935195833331,10.835179658333333,9.285694563440856,1016.728389177083,1.9534048260416668,0.18688967395833336,0.9822485387096765,270.066994240625,0.5050986520833333,38.97023002291666,74.42694018602147,0.036494538541666656,0.033891675,1.2083333333333333,2.5416666666666665,2.5,4.675426613541668,17.632283782291665,36.73577339569891,5.332897699999993,13.509685500000002
2018-08-15,1.559921136458333,7.92200230833333,8.09109003043478,1025.4068184479163,0.2954747791666667,0.2761236666666666,0.5631703206521739,115.24790392083337,0.1474419572916667,42.377478785106334,28.7716414197802,-1.5795403416666665,-1.5818166166666565,1.8020833333333333,2.53125,3.4375,8.656743657291667,15.284807344680846,56.852867283516495,2.218427200000001,13.34765339999999
2018-08-16,4.019380478124998,10.030511141666665,11.540932928124992,1024.2011967812496,1.2621065333333334,0.1001119958333333,17.40727017656251,94.34755651354163,0.4219104781249998,20.05020275894738,58.074256866129,0.021422383333333326,0.02064193750000001,1.0,3.2708333333333335,4.802083333333333,4.422880633333331,11.088994030526313,33.97627112258062,4.923097599999994,16.32704540000002
2018-08-17,3.5642475124999984,12.508714510416672,11.631513306249994,1019.9854571666664,0.9577469854166661,0.101385978125,0.09103862604166664,101.70931983229161,0.3755452885416664,15.657175152083312,22.943205773684195,0.01681844375,0.01649863020833333,1.0,1.75,2.9270833333333335,4.510636092708329,10.224427905208334,40.23801483578947,7.991882799999986,18.356369000000026
2018-08-18,2.853958899999999,10.716180510416661,8.751622722340423,1016.8054301562503,0.8009831718749999,0.21592675104166567,2.9154809212765946,191.72955099166666,0.2835339302083332,4.019807799999999,0.1970459696629208,0.04754378124999999,0.04652234583333334,1.0833333333333333,2.34375,4.072916666666667,5.097546803124998,14.196765982291664,65.49599081797751,7.715638600000005,14.388618499999977
2018-08-19,3.8628471718749986,6.592471476041664,8.134937540624998,1027.8973694479162,1.3570208583333334,0.17114657395833333,2.105948298958332,286.53020102291674,0.39524409999999993,17.798216399999994,69.2691931333333,0.055458507291666626,0.0525875458333333,1.0625,1.96875,2.3645833333333335,4.6193296583333305,10.95784348229166,39.092579050000005,3.3316205000000028,9.820702600000002
2018-08-20,4.457876969791667,7.0579451583333315,8.10039479583333,1030.0744133125002,1.649498962499999,0.22403129999999996,0.029294145833333323,300.50187492187484,0.45550861874999987,29.92585317916667,50.120868535416655,0.025357997916666666,0.02418859583333333,1.1458333333333333,2.3020833333333335,1.5833333333333333,4.627368641666668,13.169708870833333,31.248132015624993,2.4213604999999974,10.159014699999974
2018-08-21,2.214716959374999,4.762379405208332,6.754109376470585,1027.0942052812504,0.4463169499999993,0.22349811249999985,0.06901437058823529,90.083375240625,0.21111155520833322,47.0047906645161,36.88551423253013,0.47952126666666656,0.38702492187499987,1.5,2.3333333333333335,2.875,5.471219745833332,10.74389354946236,21.534582506024094,-2.087947399999998,11.468968399999996
2018-08-22,4.304184326041665,7.860083055208334,8.24431348749999,1021.3204619999997,1.5142773697916672,0.11680318125000001,0.07878077749999998,100.35344354583327,0.4556992916666665,21.752267542708314,50.80767820625002,0.020420814583333325,0.019756540624999975,1.0,2.5625,3.0833333333333335,4.135437567708332,11.158283660416666,25.46193912,2.4870027999999995,13.373920400000003
2018-08-23,3.3008677322916675,9.856166718749996,10.615057101041662,1014.5476138124999,0.9621409958333329,0.11055910312499999,0.03751495625,118.5266027427083,0.35183387291666657,16.21636910631577,24.06481606315788,0.20557769166666665,0.1932702843749999,1.4791666666666667,2.3333333333333335,2.5208333333333335,5.086121386458333,15.525534982105263,32.13249642421051,5.299942999999995,14.407916099999982
2018-08-24,5.206472935416665,9.043872283333327,9.797811320833326,1016.296861677083,2.5125534354166654,0.04934092812499997,0.030097597916666663,277.9749139239583,0.5378578593749997,16.67364366770833,30.962881036458327,0.13688613958333326,0.13608230625,1.2708333333333333,2.5833333333333335,1.8854166666666667,5.151461072916667,15.07937557684211,18.41536638854166,7.604468300000005,11.468902599999993
2018-08-25,4.706400617708334,7.4396965166666655,7.6556350281249985,1020.7624600937497,2.032893807291666,0.22761939791666663,0.044410907291666656,264.14596342604165,0.4676220354166665,37.737305307291656,38.52605522947367,0.1812163968749999,0.16915626875,1.4583333333333333,2.5208333333333335,1.9270833333333333,5.748166198958334,12.074699537499995,23.198689592631567,2.5395374,11.20228580000002
2018-08-26,4.090517841666665,9.443308947916666,8.804635618749996,1015.9612650520834,1.3517856239583328,0.1510451187499999,0.02071175208333332,71.93898900520834,0.4113670437499999,24.829193862500016,42.08130431979167,0.06416927187499998,0.062477314583333284,1.0,1.90625,1.8229166666666667,4.175341393749998,8.868305036458333,23.171225851041655,1.3135257999999972,18.16448209999999
2018-08-27,4.574257894791664,12.863481359375,11.113068247916663,1013.5484880208337,1.5140690385416662,0.11470582604166664,0.020571658333333322,74.24306714479165,0.463713777083333,10.419726948958337,43.31990908749996,0.020310810416666658,0.019516909375000006,1.0,2.2916666666666665,1.4375,4.193817682291665,10.275827014583331,17.346592803125,7.055895799999998,19.974628400000025
2018-08-28,3.1796154885416676,13.623106566666658,11.715156552083329,1014.1371168020834,0.752341369791666,0.18960295104166666,0.03401765729166666,86.15229209583332,0.3228468854166667,24.27127047187496,35.24235694583333,0.05581348645833332,0.053946371875,1.0416666666666667,1.46875,1.8229166666666667,4.820302186458333,10.220678038541665,56.828871931249985,6.94031519999999,21.412406899999965
2018-08-29,2.8157745645833323,12.41540781666666,10.669364306382974,1012.2458649583338,0.7716620604166665,0.23099190833333308,0.08995467446808507,143.55352441354168,0.2909582583333333,30.478128537499988,33.15028160322581,0.04365486666666668,0.043605874999999995,1.1979166666666667,2.2083333333333335,2.4375,7.467356434374999,13.92515438229166,33.75050313333333,5.279854300000007,22.64571189999998
2018-08-30,6.134527093749997,8.753448708333329,8.852720932291664,1019.2685108645829,2.7291217010416653,0.12409647499999994,0.18116114479166678,278.19867324999984,0.6704955791666665,45.01993901041666,49.61492017604166,-0.0005782343749999988,-0.0007817552083333312,1.0,3.0104166666666665,1.59375,4.0149758604166665,9.375583619791664,24.086705968749982,6.115161899999987,10.7208071
2018-08-31,4.6660586708333325,6.817209788541665,8.288746285416668,1026.7935842291656,1.72934596875,0.1665687572916666,0.01739777083333333,261.6444317458334,0.5322680635416664,21.122959159375,37.99220975208332,-0.003067994791666664,-0.0033971312499999993,1.0,2.40625,1.1666666666666667,4.191395439583332,9.350243014583334,12.159450256249995,5.5055380000000005,9.0695829
2018-09-01,2.9709277531250002,7.406938215624998,7.52293164111111,1029.099347479166,0.7858482531249994,0.29269318541666656,0.1574425288888889,239.34851392083328,0.3123129718750001,60.231912023655894,24.633059392222222,0.19092120520833333,0.1976548447916667,1.5208333333333333,2.1875,2.75,6.1703723239583335,21.387127801075273,27.52111608555554,4.188838999999991,10.324846299999992
2018-09-02,1.9857059968749997,8.026292453125,12.223561614583325,1025.3924459687498,0.4428723562499996,0.2588836645833333,1.4972180833333335,206.54328929895826,0.20266555104166661,60.94856262261907,60.727714704166566,0.41995872395833217,0.31470200208333354,2.3020833333333335,4.364583333333333,6.020833333333333,8.226703823958335,18.07114142261905,42.4733592125,0.5659297999999994,14.781262399999997
2018-09-03,1.682320404166667,10.568448677083328,25.89368537058824,1023.2308871145827,0.38519845833333316,0.33154563645833346,8.185195766176468,118.8788815479166,0.1953313447916666,55.728041343010716,53.91965828970585,0.6910796791666662,0.34802725312499977,2.2083333333333335,3.3020833333333335,5.041666666666667,9.368455654166667,23.06468271505376,63.952850489705874,2.8942609000000044,17.701265299999985
2018-09-04,3.304576828124999,12.552239009375,8.965161251190473,1018.1461843229163,0.9373085531249995,0.1879248166666665,0.3556962404761902,86.62393196145835,0.3328006479166666,41.50140659687495,40.505845247619035,0.11741305937499984,0.11037930624999977,1.03125,1.9479166666666667,3.5,4.762174815624998,11.059818301041666,49.392420302380934,5.183933299999992,19.608543399999967
2018-09-05,3.9774804593749984,14.239226138541666,8.328102722580642,1014.8876883749999,1.208566512499999,0.15641303125,0.1375677064516129,93.36731031979163,0.4174857718750001,22.566337381250005,51.917207745901614,0.01109929479166666,0.010626530208333332,1.0,3.0208333333333335,5.09375,4.308076271875,9.744985391666667,47.043241129508196,8.23392679999998,21.17437930000004
2018-09-06,2.65400920625,12.32806827708333,7.164491382608695,1014.4015496770836,0.5999133927083332,0.2960366468749998,0.13449150441176472,156.06892100000002,0.27863156666666655,57.93366616989245,43.775743902941166,-0.5825911895833333,-0.5725763364583333,1.7083333333333333,2.96875,4.885416666666667,7.335720985416668,20.465485966666662,54.42695109701492,6.626177799999982,20.845737500000027
2018-09-07,2.204711011458333,9.331350713541662,8.443243306122447,1020.3584563854164,0.5146275677083333,0.33223252083333316,0.34607914081632607,132.55679166145828,0.21754270624999994,71.52934135421685,82.8913133673469,0.12450420937499986,0.106658678125,2.0833333333333335,4.208333333333333,5.729166666666667,9.15104446875,18.253631516867465,44.020690116326506,1.6892646999999978,19.665533099999966
2018-09-08,2.343278575,8.500057747916662,7.112059292063493,1026.5910479166666,0.5218787520833329,0.35311498645833317,0.3800098888888889,256.7394687687501,0.24197323645833324,75.3550296215909,-7.101513265079378,0.1189778572916675,0.09931843958333318,1.6666666666666667,2.90625,4.729166666666667,7.379085314583325,11.604381344318183,162.07080883015868,4.147932500000007,12.273376500000019
2018-09-09,2.472233789583334,8.860126635416668,5.223897459259256,1029.0393270416662,0.5615992645833333,0.10274120000000005,26.06351932962963,200.40396006458346,0.25952504166666657,23.44403418522728,18.607532092156863,0.21038572291666655,0.19587849791666637,1.5833333333333333,3.6145833333333335,6.822916666666667,7.0864726010416605,11.75476666818181,62.30892592352939,4.5086589,11.643322
2018-09-10,2.0132884031249985,10.174086349999996,11.509385284126985,1029.0220553749998,0.3584201979166665,0.12607292395833328,24.43183793015874,199.6448699614582,0.20812249687499992,32.28878184895834,30.48830663968251,0.23988734479166654,0.2350728052083332,1.28125,2.8125,4.447916666666667,5.873374888541664,11.095153987499993,42.89611274285714,6.706709899999999,13.702992400000001
2018-09-11,3.2389730083333332,11.571691397916661,13.256476503225793,1023.8084742916664,0.9243796843749998,0.1651057072916666,1.1959784870967738,151.4395524708332,0.33409006874999997,38.07675270108696,62.961848120967765,0.4237967833333332,0.39905937187499996,1.375,3.4791666666666665,4.479166666666667,4.409223635416665,9.567238466304348,25.99347303064516,5.634351700000011,17.651802099999994
2018-09-12,2.936016364583333,12.905028638541665,13.194600238541655,1020.5055751979168,0.8833143968749994,0.02188853541666665,4.763985655208335,110.96996672708333,0.3176664979166667,-6.018452582978729,-29.127827157894743,0.072273903125,0.058848993750000016,1.59375,2.9166666666666665,2.3020833333333335,6.47952653020833,21.447743562765954,37.41215304210525,11.313712099999982,14.882567399999978
2018-09-13,1.740215091666667,11.127531936458324,13.274480621874995,1020.1010971666664,0.41395045520833335,0.39490523125000004,0.015169546875000002,225.02924680624992,0.20466258437499998,78.83216077499993,24.29483939263158,-0.05581210520833332,-0.057721981250000005,1.4895833333333333,1.8645833333333333,3.03125,8.783945251041665,19.143677252083332,44.72403485894734,8.933830299999986,14.061674099999976
2018-09-14,1.9114454937499994,11.50315274791666,11.302751973333331,1018.6591116979171,0.516242716666667,0.4019587770833331,0.24668934111111104,132.70787370104156,0.2191655072916666,78.66090593263154,38.5782053483146,-0.07040488020833337,-0.071723003125,1.4270833333333333,2.3020833333333335,2.6458333333333335,7.089073429166663,32.91138127263156,38.01059191910111,8.33731750000001,17.8618755
2018-09-15,2.1999104510416667,14.638064513541659,15.821126272340415,1016.643796364584,0.49824067916666687,0.1625768895833332,11.788990142553194,183.6887183927082,0.24880802500000002,38.732584753125,19.31965133118277,0.019135452083333313,0.02725727291666666,1.1458333333333333,1.8645833333333333,2.8958333333333335,6.125530581249997,18.044308173958317,44.67339883870967,11.062328299999992,21.04749489999996
2018-09-16,3.888363887499999,15.119390334374986,14.117157722916659,1016.1172314166664,1.3385066822916665,0.03678128229166667,18.481107696874997,154.96779489062484,0.44557469791666654,5.292102939583333,111.5907510578947,0.0077942208333333304,0.006390293749999998,1.0208333333333333,2.90625,3.1354166666666665,4.275350897916664,12.319597140625,57.2239403610526,13.120658900000004,17.610507999999985
2018-09-17,1.812587348958333,15.962035831249993,14.316650058888877,1013.4690787291669,0.336614190625,0.14460262604166654,0.9179983566666667,127.62107402187496,0.20199606145833338,27.108208072916668,34.84003483777777,-0.017347545833333304,-0.01909818541666665,1.09375,1.9583333333333333,3.4166666666666665,7.177314371874992,16.300201691666665,81.66102406444443,12.187880499999991,20.662282900000026
2018-09-18,2.8709966197916654,15.029389955208329,13.13793547222222,1008.2624791666667,0.9857726791666668,0.09532876249999998,1.6891607966666666,139.55398944687488,0.3196990104166665,18.06717149157894,2.385469741573037,-0.0008882718750000011,0.01638547604166667,1.3333333333333333,2.25,3.7291666666666665,5.306791351041667,15.220486989473681,73.95774311011236,12.38245959999997,19.418504700000028
2018-09-19,3.051097158333334,12.61031176979166,10.869477064210521,1006.5554422291665,1.350624009375,1.074195509375,13.752138356842101,150.35900816041664,0.4283379687499999,217.77841666458332,73.41657748526313,0.1479033375,0.11868430104166665,1.4375,2.40625,2.8958333333333335,5.469615353125,13.387037962499997,38.548130948421075,7.748328700000001,17.352008800000018
2018-09-20,2.7246443479166644,12.69161170208333,11.163134753521126,1013.3508505208332,0.6904409291666661,0.19229411770833327,6.815020532394362,64.08506177500001,0.27351996041666665,35.31071650526315,107.47009139014092,0.21866601874999977,0.20066858333333346,1.25,2.625,3.5520833333333335,4.977482007291667,9.97367168631579,19.921335581690144,5.061661700000001,19.914495499999976
2018-09-21,3.222914010416666,14.965572395833336,11.377261920833329,1009.0518538333332,0.9354647927083336,0.22179227708333335,0.7337190291666668,137.44527311770833,0.33319124270833317,43.84859802083332,55.010816084374994,0.8922975687499998,0.7346858604166666,1.5208333333333333,2.3125,1.75,6.118390084375001,12.34904846145833,25.14842827291666,8.137562799999989,23.176361099999966
2018-09-22,2.0581623864583323,12.443492540624995,13.667424212987012,1005.0977065239584,1.724394019791667,0.38608572083333326,7.39874315064935,172.50316623125005,0.3193323552083333,497.4898516764706,-31.99261634999998,0.4003428677083323,0.23338148020833335,2.2395833333333335,3.7291666666666665,4.583333333333333,8.067346072916667,20.370236482352926,52.295083559210525,8.449968300000014,22.611408199999968
2018-09-23,1.2970310312499997,11.641702935416665,13.564647099999995,1009.8541788020833,0.22505774895833322,0.3808240666666667,0.28114815882352934,169.169318065625,0.12958389374999998,38.47939454430377,55.103878290196064,-0.34576434375,-0.31626288541666675,2.8229166666666665,5.09375,5.84375,13.244708471874992,29.899000405063294,47.53050371764707,6.267729300000003,15.17324639999999
2018-09-24,2.0044070291666656,11.177170026041665,10.950647918749993,1017.5030460625,0.36696659687499994,0.34738545520833325,0.13539882083333324,226.25763832708336,0.1949594520833333,55.082487478124996,59.93949203645832,0.28959479479166667,0.25683253333333333,1.84375,2.3854166666666665,2.5208333333333335,7.389522355208335,19.464374331249985,50.749554352083344,5.560936000000011,16.4670180999999
2018-09-25,2.1755163416666656,13.379495686458332,13.545378250588232,1017.6455720729165,0.5190546239583331,0.30079693749999986,5.043424956470589,175.59014597604167,0.21655964895833335,46.07224847912087,59.49112066352939,-0.0037597645833333288,0.12105431354166661,2.0625,3.0208333333333335,3.3125,8.594110790624995,23.191304172527463,38.36173168470587,6.294912300000001,20.06224440000004
2018-09-26,3.765932920833333,11.978212013541665,13.283795694736833,1017.9123541770833,1.2623845541666665,0.19961273645833325,1.6707256610526318,241.91976813541655,0.4093374249999999,64.64018742499998,40.00200992,0.04068958333333337,0.07881531562499998,1.1979166666666667,2.5104166666666665,1.8958333333333333,4.982598947916667,14.755871206249992,44.58492895684208,8.356618899999978,15.612653699999933
2018-09-27,4.454131691666664,10.842972058333338,11.625525876041666,1021.4296112812494,1.551271108333333,0.14261358958333328,0.6049708062500002,210.66759490833329,0.49495794895833317,45.80533557812499,48.19445933333332,-0.0008777302083333363,-0.0013454020833333332,1.0,2.5416666666666665,1.3020833333333333,4.285570592708331,9.055895062500001,17.464297647916663,8.224747699999995,13.807703999999992
2018-09-28,5.200363411458333,13.894005018749985,10.951112342105255,1015.5543804687501,2.7554157802083314,2.289262943749999,5.955457646315788,157.48436403541655,0.7725844520833328,585.1474067135415,8.919322428723405,-0.0019003770833333333,-0.0021179552083333314,1.1458333333333333,3.28125,2.5625,3.603197334375,14.274002854166666,59.52380149787233,11.451610599999995,15.75196929999999
2018-09-29,3.971816628124996,15.31325038854166,13.133894096703289,1003.8694598458334,2.885791074999998,3.00675557916667,10.497498912087902,157.06057353541667,0.7005101947916662,1166.0541229294743,98.39896803222223,0.19685730416666666,0.16758260520833335,1.90625,3.4166666666666665,3.6145833333333335,6.469635988541666,25.65392824842105,57.60620176888886,10.012390099999978,18.713588699999963
2018-09-30,2.7294603614583317,12.500387729166663,11.453304523595499,1009.2062480104169,0.7451678541666662,0.16410411145833337,1.2967350707865168,175.50980579374993,0.2845122031249999,29.498497333333294,80.1980648696629,0.17425699479166656,0.21181606041666648,1.4895833333333333,2.4479166666666665,2.6354166666666665,6.068769691666668,11.617672302150535,28.102324955056154,7.9840279,20.229362499999983
2018-10-01,2.912679241666666,9.493739408333328,9.612815147916665,1015.2000898333326,0.92086388125,0.21702255416666663,0.1494350125,239.59968114270828,0.30225097604166656,55.44272496562501,80.46180869479166,0.15342443645833329,0.13564392604166667,1.46875,1.8333333333333333,1.8020833333333333,10.524251924999986,13.908423110416663,22.431981146875,3.834851700000001,13.788168000000022
2018-10-02,3.8098176510416644,9.547374132291663,8.992188413541665,1015.1472123437505,1.3754297979166668,0.21497706666666672,0.24480073645833325,112.54891700208334,0.3788889968750003,59.66701511041663,84.4294704083333,-0.014411252083333331,0.006167244791666642,1.3541666666666667,2.5,2.375,5.238328795833333,21.774725381250008,30.790415476041648,2.2106650000000037,17.50280950000001
2018-10-03,2.685280130208333,10.56968679270833,9.493601986315785,1016.5445684583328,0.7780206260416662,0.3666785687499999,7.377734116842104,155.47261793541665,0.26407328437499994,57.377626509574434,66.82521025531916,0.2585972906249999,0.16683447500000012,1.5416666666666667,2.6145833333333335,2.8020833333333335,6.212901455208338,17.366536559574456,35.58849256595745,3.3026003999999993,17.845466600000005
2018-10-04,3.3961696218750004,10.143476737499999,9.563889190625,1021.1694336770835,1.136865740625,0.2641484614583333,0.21238268333333324,208.6319589177083,0.36275035208333306,66.71224960421051,79.59938271382978,0.06934513229166665,0.066999915625,1.09375,1.8645833333333333,2.0520833333333335,5.099175272916668,11.765806857894733,25.440672060638285,2.7037549000000047,18.48364070000002
2018-10-05,2.5909063468750007,7.878228648958334,9.659049882291667,1024.6034718124995,0.6542041895833334,0.5501064572916662,0.025354901041666666,217.38280789687494,0.276069096875,92.93921036041667,46.98037477291663,0.04608756979166664,0.04330591666666663,1.0,1.28125,1.71875,5.426324733333334,13.045873613541671,27.43240401979165,3.860766599999995,11.138197900000016
2018-10-06,3.7017321822916665,11.97830524791666,12.275154247058818,1017.7339898125001,1.063021610416666,0.23783179895833317,19.034500052941176,95.98861678437497,0.3743293895833331,58.008763547368396,73.39489819058822,0.029454647916666646,0.02921546562499999,1.0,2.09375,3.0833333333333335,4.697270415624998,9.66866212631579,34.33930939999998,4.207263899999991,18.9917183
2018-10-07,4.522828970833332,16.83098952083333,15.445793166666652,1010.980771458333,1.4660560364583333,0.20676110520833327,0.06690006666666662,90.35590771770825,0.4578637416666665,48.688053559374985,72.4858780873684,0.020828092708333332,0.01955706770833333,1.0,2.1145833333333335,1.8541666666666667,4.262208702083334,9.56953149375,19.71824470736843,11.558732999999991,23.745347999999964
2018-10-08,2.7486036833333327,16.879472162500004,15.85307162417582,1006.5790157708329,1.1256685552083334,0.26055392083333323,6.338199642857147,151.52467165729163,0.345726775,153.58122460526315,6.702040406666664,0.11590858541666664,0.10894060520833333,1.4270833333333333,2.1770833333333335,2.96875,5.867190707291665,12.243891931578947,58.83974784888886,10.757968900000014,24.89281849999998
2018-10-09,3.1624593281249993,13.349050412499984,10.87372735104166,1010.9766916249997,0.9202421364583332,0.19164621874999987,0.2699320604166665,185.47156419479165,0.3302285822916666,46.15676387395829,143.25008568229165,0.24099241458333331,0.21510783645833328,1.1458333333333333,1.5,1.9270833333333333,4.789847358333332,10.519759236458325,25.588923238541643,6.908209800000006,18.719083799999968
2018-10-10,3.696422882291667,9.048022592708332,8.923963029166664,1021.455717125,1.2893328145833334,0.2767708458333333,0.1737305791666667,243.44322164791672,0.3601944916666669,67.52185754375,84.25070067812497,0.4533105854166668,0.35674770416666646,1.2083333333333333,1.9166666666666667,1.8020833333333333,4.8578565000000005,12.460182163541667,23.830256381249978,3.8227112,13.983567199999994
2018-10-11,2.4545908260416667,7.968980353124998,9.547605396874998,1025.5980594374987,0.6031747812499997,0.42376339895833315,0.034789114583333315,161.65127460624998,0.2719695322916666,80.35649559479162,54.574627406249995,-0.018155181249999902,-0.02483696770833335,1.1458333333333333,1.5,1.40625,6.3418660666666655,12.217961019791664,19.65216871874999,2.9028284999999987,12.509028400000014
2018-10-12,2.254944940625,10.585178335416662,11.590462499999994,1019.9060160520836,0.49121447291666653,0.22674376249999983,0.03167940833333332,152.46184770208328,0.2507650156249999,47.82749671894734,37.01677938631579,-0.041765204166666514,-0.046956493750000015,1.1041666666666667,1.3645833333333333,1.1458333333333333,5.646703765624999,15.309876030526311,13.381755847368416,8.092131600000007,13.473820700000017
2018-10-13,2.7497585906249995,13.251511339583322,13.16309051249999,1017.1357371458331,0.5682774427083331,0.49474686979166654,0.1034449802083333,133.3270670947917,0.2941219854166667,83.01122796145835,60.56331965052626,0.0014514885416666609,7.015729166667043e-05,1.0625,1.46875,1.9375,5.169528261458332,10.427704862499997,26.491529463157885,7.2935261999999845,19.206651700000016
2018-10-14,4.648890562500001,16.37966551666666,13.292564176041653,1011.4563827916669,2.0447923885416666,0.2443614927083332,0.08839658958333328,96.29435165624996,0.46958531666666675,51.75799322083332,117.74763852210525,0.158881590625,0.13120765312499996,1.75,2.7708333333333335,1.78125,5.919727442708331,18.761065778125,17.987147631578946,10.128156699999984,25.33230210000006
2018-10-15,2.947699776041665,18.457887873958338,15.92540390833332,1007.147947979167,0.7291145927083331,0.29688453958333344,0.12447562500000002,68.97989683854165,0.2834735656250001,55.304943947916655,85.07386220104159,0.07085823541666667,0.053502180208333326,1.7083333333333333,2.15625,2.34375,8.026073448958334,22.173666097916666,32.08425955625,7.96327729999999,28.002269699999957
2018-10-16,2.6886458749999993,19.06819451979166,17.554101231249994,1007.5589821875,0.7775405020833333,0.42986139166666626,0.10584623750000001,125.54753419375002,0.29406574791666656,63.57106475312498,74.79104309270835,0.009313649999999894,0.003038312500000013,1.5208333333333333,1.8125,2.2083333333333335,6.252054174999997,14.541156564583334,25.830749140625,11.071842199999994,25.727401699999977
2018-10-17,2.040431902083333,14.636516222916661,16.282921635416663,1009.9316940416664,0.9860005364583335,3.242365580208334,0.27643664270833335,207.8230935718749,0.2990072166666667,-25.61014697741937,-8.302016915957445,0.11952784895833331,0.07667574479166674,1.7291666666666667,2.3645833333333335,3.34375,7.886787722916665,18.905619478494632,44.84697811063827,9.15423680000001,20.11508370000001
2018-10-18,4.722267824999997,12.274689318749994,13.495066330208319,1019.833076510417,1.7211140812500003,0.1994784624999999,0.3170397593750001,278.8717247625001,0.5203221937499997,84.20786516458334,24.832130298958322,-0.007766328124999999,-0.007389204166666666,1.0,2.5104166666666665,2.2395833333333335,4.585468819791667,25.13705082604166,68.0827273583333,9.895125399999989,15.142139399999982
2018-10-19,4.343224203124997,10.684640199999999,12.016554653124993,1028.0011151458332,1.5447603458333328,0.4165157031249996,0.02577652708333331,254.35322363958332,0.4923580968749999,112.44125520833329,60.72011942395827,-0.004684692708333336,-0.005309592708333337,1.0,1.8541666666666667,1.1145833333333333,4.287858532291667,9.353829618749996,11.918124585416654,7.991333499999997,13.28604410000002
2018-10-20,2.769678258333333,10.365001354166669,11.632858226041664,1025.1487153541664,0.7442508135416658,0.46950830312499997,0.026739323958333328,200.25767103854164,0.3132730666666666,82.2032409520833,53.960901496874975,-0.03474578645833333,-0.03675797812500001,1.0208333333333333,1.2916666666666667,1.2083333333333333,5.425402871875,9.901826683333335,14.355829362499984,7.127358400000008,13.65822890000002
2018-10-21,3.200049832291666,14.396754789583326,14.40254100104166,1017.3478362187501,0.8489668822916663,0.11414061666666664,0.5909960843749998,111.63742883958322,0.3318297958333335,26.884267466666643,46.722553862499986,0.049748125000000004,0.04729575729166666,1.0833333333333333,1.6770833333333333,1.84375,4.767789124999999,12.19511880520833,21.90557354999999,9.457076099999997,19.07803149999997
2018-10-22,3.930207898958333,14.103559327083325,12.87535019999999,1016.0107149062497,1.2824198802083333,0.2953598656249999,0.1771400864583332,213.9902650458333,0.4188197479166667,84.29053124270833,81.49780183645834,0.0069125083333333275,0.007048319791666659,1.0,1.71875,2.2604166666666665,4.7117915208333345,9.949550542708332,31.310448760416673,9.201022100000015,19.954252199999974
2018-10-23,3.600836716666667,9.196139248958332,10.184008470833334,1025.647837364583,1.1278434427083324,0.2669299843749999,0.031104183333333302,265.7373758947917,0.40276164791666663,72.30459595624997,53.22839940208332,-0.011092558333333344,-0.012405392708333329,1.0,1.84375,1.2395833333333333,4.972763136458332,10.026683307291666,13.287493433333331,7.8362951,11.079234100000003
2018-10-24,2.6229261218749986,10.377430647916665,11.978848469473675,1023.8299523125,0.6271994093749996,0.13722914583333337,13.66245211894737,195.69814857187487,0.2989277177083333,29.252737229166645,77.42871380744678,-0.00828248437499997,-0.011679483333333332,1.0208333333333333,1.8333333333333333,1.7083333333333333,5.557019871874999,11.225121078125,28.81740950425532,7.1132297999999965,12.755288099999994
2018-10-25,2.304924523958334,12.456251408333324,13.230626791666657,1020.6254413020832,0.5318318916666663,0.4387641010416666,6.844532064583334,200.53816687604152,0.2537237770833332,91.87663327978717,43.95996212365591,-0.015896494791666684,0.2493735906249999,1.5833333333333333,1.9791666666666667,3.1458333333333335,6.6147139739583345,24.728865271276575,38.43600239999999,10.3908596,15.939549400000018
2018-10-26,2.2120850458333337,12.730956918749998,13.008099074712636,1019.7348957499995,0.4817586427083334,0.5057677979166669,0.3436944413793103,234.84603134791666,0.2383103125,99.31931671368422,49.38643998941174,0.21093309687499992,0.18151436979166655,1.375,1.9375,3.3958333333333335,6.960800499999993,15.332752763157892,45.258153130588234,9.986002900000011,15.749855999999982
2018-10-27,2.4382171197916667,13.747264526041663,16.276039871212106,1017.2979425416669,0.660732614583333,0.5751017104166667,3.087365303030303,208.82291534374994,0.2665108083333333,121.64346963703703,111.69899464545448,0.8347389729166667,0.3254754208333333,1.78125,3.40625,4.0625,11.88767359166666,12.800923385185179,35.44803788636364,6.389225000000007,18.9653816
2018-10-28,2.795680612499998,16.559856117708332,15.234032212499994,1015.8546391145833,0.6360329479166668,0.15324083333333333,4.917725170454544,88.36794000937499,0.28298423750000007,33.88444732978721,74.31711718390804,0.06240483541666666,0.05742517604166666,1.0833333333333333,1.9583333333333333,3.03125,5.070680545833331,12.460190562765943,36.5431990229885,12.541937800000005,22.075635899999977
2018-10-29,3.9952924614583307,19.449820891666658,17.354014648387086,1011.2436593958332,1.3054370427083326,0.11912270520833335,1.078886170967742,110.67085258645824,0.42669179270833335,25.168957080208305,66.99409240543474,0.017769636458333328,0.0163801875,1.0416666666666667,2.53125,2.3229166666666665,4.219000069791667,13.28414919479165,25.253303327173903,14.660491899999977,24.76212500000001
2018-10-30,2.7827127583333326,17.367365204166656,15.658026977108426,1009.5355231145836,0.7446316656249993,0.029200116666666647,71.83236047228915,140.23412690625,0.29207114062499995,-5.058552228124997,64.90759004216866,0.03252598125,0.01848527395833332,1.15625,2.8854166666666665,3.4791666666666665,5.816209677083333,13.736672643749996,50.68615670240961,15.691160200000011,20.124763499999975
2018-10-31,5.828746496874996,12.634699428124998,11.418893755056173,1015.1729055937502,4.773434769791668,13.660910284374998,0.5855394348314604,283.0321562885416,0.9110992416666664,1763.9470429789487,294.36202438068165,0.07032579270833332,0.058433501041666565,1.3125,3.15625,2.2708333333333335,4.633164447916666,19.566277537894727,20.422006071590904,7.815431600000003,29.681365999999958
2018-11-01,3.5572873729166656,8.432532427083329,8.335317354166667,1020.0799300312498,1.1422383177083328,0.5626414218750003,0.05197821562500002,276.38278563958323,0.3926641010416667,117.94540817291663,76.90853358958333,0.0020577885416666664,-0.00022929895833331913,1.0625,1.65625,1.15625,5.020187190624997,11.217899396874996,12.9060244375,5.775031599999994,10.939580900000008
2018-11-02,2.4053059812499993,9.160346048958333,11.429225299999999,1013.5069326354163,0.6053184166666662,0.03107494999999998,38.51651227849463,147.21244104999985,0.2537056979166666,8.15462806874999,-169.2487900655913,0.21164361458333325,0.18115771354166665,1.1666666666666667,2.5208333333333335,2.0,5.096376096875,11.75740848333333,27.96553601612903,6.977293499999984,10.604305299999988
2018-11-03,2.2794244864583333,12.697233121874989,13.389010960416662,1011.75346628125,0.5445484749999995,0.45195382812499957,0.09162472708333336,175.79250442083335,0.25144543541666675,92.54014841770824,63.09157909999999,0.023719899999999915,0.013914628125000073,1.3333333333333333,1.5520833333333333,2.4895833333333335,6.795031449999997,14.757858371875002,44.71861509270831,7.15116690000001,18.08019829999996
2018-11-04,3.1135327979166667,18.42667995937499,16.39557540416666,1013.2354190312499,0.969725017708333,0.43615648020833286,0.38104282083333335,136.96536524687488,0.3481682895833333,72.47860543684213,85.31477843229165,0.07429980104166677,0.041837295833333184,1.1875,1.90625,2.5104166666666665,5.067057419791664,11.803026709473677,42.46272175625,10.69729610000001,25.972766899999943
2018-11-05,3.300093868749999,16.808854908333323,16.13286273645832,1014.8609568645834,1.0354878114583326,0.28364411562499986,0.11477247500000003,187.7413668614582,0.36580218229166667,55.67569321354165,58.76826268437497,0.0015531510416666612,-0.0009136739583333445,1.2291666666666667,2.1875,1.5833333333333333,5.445253837500001,11.097743473958332,17.714851181249998,12.528466200000002,24.02795409999999
2018-11-06,3.3278054270833315,13.320119065624993,11.809299985416667,1022.5614376041668,1.1510695156249995,0.394206292708333,0.13453449895833322,224.15962562291668,0.34806836770833316,112.63272057368422,82.17913236666668,-0.07748469270833351,-0.0904391364583334,1.59375,2.3645833333333335,2.3958333333333335,7.895589745833327,22.88837476842104,40.32593531458332,8.493739099999997,20.874704399999974
2018-11-07,3.055921291666665,12.015017648958327,12.703721597619042,1026.7545973958333,1.0384581020833328,0.5985732427083333,19.081279542857146,206.66335925729155,0.33668346770833324,117.22325811397849,67.84819023012048,-0.023582107291666637,0.0034163520833333304,1.6145833333333333,2.7916666666666665,3.34375,7.681311520833329,24.12143865806451,33.59026641927709,4.142899999999998,17.464849499999968
2018-11-08,5.574817959375,18.74547680625,16.402779873958327,1016.2625630937496,2.386828117708333,0.18379487187500007,0.08356277291666665,109.14865645000002,0.5921174479166665,59.91382844895833,91.12846305520834,0.0040375697916666675,0.003657000000000002,1.0,2.6979166666666665,2.2395833333333335,3.6925133604166676,9.531807313541655,53.69150771979165,12.412100799999983,25.453960399999996
2018-11-09,3.6177897833333326,22.939660382291667,20.569945093827158,1008.5683530833334,3.1042280677083336,0.2560871635416666,5.13512622625,114.29027584687496,0.48134064791666664,430.5785207031577,-5.191324977777804,0.021571033333333323,0.020203928124999996,1.1666666666666667,2.3125,3.0729166666666665,5.038533353124998,10.27194076631579,24.47931717000001,15.873295800000031,32.19482040000002
2018-11-10,2.9851378385416667,18.544865835416662,18.98655185,1008.2362449270832,1.3050341062499997,2.673988228125,2.424159823157895,174.69177137291663,0.42513505937500023,358.4891426125001,58.300364070526314,-0.015226904166666643,-0.020167406250000002,1.0416666666666667,2.25,2.1770833333333335,5.0769591812499995,18.24130318854166,26.152412492631573,15.172568299999982,22.91083909999998
2018-11-11,5.9924317895833354,15.90439493958332,13.912363795833334,1013.0707690208332,2.8997323374999993,0.06929601354166665,1.729751134375,199.98557662916662,0.6746323937499996,17.063379171875,16.266935781052634,-0.0010547885416666658,-0.0008927145833333335,1.0,3.1145833333333335,2.1354166666666665,3.6743414677083304,28.381991634374888,34.56358936842105,15.16201969999991,17.242961899999937
2018-11-12,4.1950227447916655,18.26242252395832,15.794321087804875,1010.6141714166669,1.6348302927083338,0.21321309062500002,45.9284538419753,166.84633063749985,0.49571329166666644,26.2386844712766,140.80881698518508,0.00024336562499999926,-0.001040186458333331,1.0,3.5,4.135416666666667,4.162385247916666,13.739854037234043,96.55702566296293,16.30823140000001,20.07414440000002
2018-11-13,2.63632078875,18.086893813749985,13.688565326086952,1004.8054771541664,1.61351106625,1.1474063662499994,10.98654347971014,243.09355651124997,0.36776001124999985,196.88705862875,146.3830586913044,-0.017353126250000003,-0.019493739999999996,2.4375,3.65625,4.3125,6.126979614999998,14.349631758749998,63.174151801449284,15.277226400000012,43.20228579999994
2018-11-14,4.9093275561797745,16.1606685494382,12.9816642966292,999.5984573458339,4.856377039325841,6.669195953932585,2.5664225550561794,192.7275968842697,0.8628785382022472,1453.218371244944,166.18027834831457,0.021565531460674154,0.020702139325842698,1.75,2.875,2.5833333333333335,4.759225050561797,9.907230515730333,35.478146307865146,11.845261599999981,23.734550500000008
2018-11-15,4.963554353125001,14.20978245624999,12.06845945833333,1007.52818428125,1.9310264864583333,0.210293034375,0.1275254604166666,226.63588013750007,0.49624476874999984,62.07089858333334,151.3417816145833,0.025440962500000008,0.02326231979166667,1.0,2.0520833333333335,1.0625,3.993854409374998,10.548389206249999,10.77065883333333,7.5481567000000105,20.667501399999995
2018-11-16,3.1227598927083338,11.578291948958325,9.40064004583333,1018.8526720312499,0.9824047458333328,0.47247036458333275,0.20692887395833323,114.51160700208338,0.34801590208333316,89.79201595052626,127.192266868421,-0.02111991458333334,-0.02618477395833332,1.0208333333333333,1.875,1.4270833333333333,5.165023941666665,12.230604172631576,14.760100290526319,4.195727299999992,18.42370800000002
2018-11-17,4.4472142958333345,14.666625298958337,13.472503992708335,1007.8071048125001,1.7926298937499994,0.10934958645833333,7.288597545833329,194.52743797187497,0.4833909479166667,-1.054842496875004,59.15860238541663,-0.07876345104166667,-0.08412142083333336,1.125,2.8333333333333335,1.8229166666666667,4.57944844375,15.866834041666664,29.341112255208316,9.993037200000002,19.86354060000003
2018-11-18,3.694865716666666,13.749468003124997,12.161367430208328,1011.6391500312501,1.1212447604166662,0.4060657125,0.12272628541666668,189.17627374687507,0.39405679999999976,89.11274980625005,114.00920282499999,0.014821839583333317,0.011241443749999991,1.0,1.9895833333333333,1.25,4.666969702083331,17.679246461458337,12.545081901041664,8.965193699999988,17.954858800000007
2018-11-19,3.035464986458333,18.58771848229166,14.616278311458323,1011.8097471458336,0.916245065625,0.34891413124999976,0.20460859583333324,87.77181143854165,0.3226024281249999,60.67046465000001,135.66020819270832,-0.17208477916666665,-0.18096984166666655,1.0625,1.5625,1.5833333333333333,6.296279662500001,9.803638253125001,18.9152110875,10.447039600000016,26.0056305
2018-11-20,5.1222082416666685,22.38532738854167,18.30776979999999,1009.6783765312504,1.8831524562499993,0.18868406770833332,0.11581556666666663,67.47775983749999,0.5196992781249999,44.148030002083374,144.23997604947365,0.01070062708333333,0.009233110416666667,1.0,2.5520833333333335,1.21875,3.9362556854166653,9.062442646874999,10.581288140000002,15.721352599999882,28.481832500000067
2018-11-21,4.771624388541664,24.607151253125,20.964390079166666,1006.64401121875,1.7401757885416658,0.16374184999999994,0.16071446666666658,75.34008896354167,0.47700543124999983,39.40640793854165,142.72274707473682,0.022537470833333333,0.020545477083333336,1.0,2.2604166666666665,1.2708333333333333,4.238052003124996,12.335952397916664,13.27809492421053,17.042631100000037,31.3254604
2018-11-22,5.207629540624997,15.688364265624996,15.160605744791665,1011.82701365625,2.8027723125000006,2.3498356677083323,1.2163476822916666,222.1571410427082,0.615680271875,349.5461435452631,94.60287093368417,0.01143534270833333,0.01006414062500001,1.0625,2.8020833333333335,1.6979166666666667,4.2752113385416655,12.839966672631583,19.971072649473687,10.05136870000001,22.887456899999975
2018-11-23,5.5101480625,13.234427208333322,13.15732654791666,1019.3795446041663,2.313279384375,0.3326247281249999,0.03965284166666667,254.47228542708342,0.6145579302083329,110.30939859374995,85.75233756458336,-0.002988307291666666,-0.0033328291666666677,1.0,2.3854166666666665,1.0416666666666667,3.7314184354166673,8.087297564583332,11.013350056249998,10.07655139999998,16.255134599999867
2018-11-24,3.7597644999999997,13.641640028124991,12.792325119791663,1016.7092247604173,1.100210818749999,0.4997379729166664,0.0754704395833333,274.98950513125004,0.412004258333333,125.83131064999998,92.6212199294736,0.04047233125,0.03808934479166667,1.0208333333333333,1.3958333333333333,1.3541666666666667,4.62961820625,8.984031803125001,17.126179443157895,9.075820000000013,17.07393069999996
2018-11-25,2.3143924281249997,15.176806279166664,11.821419589473676,1014.4997768541666,0.6046360229166663,0.45455821145833325,0.7996177810526315,173.1243539166667,0.25061057604166664,85.15594079578948,101.03674448602143,0.08613911874999998,0.07639590104166666,1.5625,2.4375,2.96875,7.222078428124999,22.357384173684196,40.95650579677418,6.962883000000001,24.956800500000053
2018-11-26,1.648643418749999,18.893077104166665,16.742923989855072,1017.7622058124995,0.6717812510416663,0.45414824687499983,18.28866085942029,139.47014640520825,0.1906605625,77.53149398023253,197.92862857794123,-0.02071944895833334,-0.1404280718749997,2.6041666666666665,3.5833333333333335,4.260416666666667,13.226715655208329,22.15223698837209,30.64917809558822,11.023918200000018,27.365739800000025
2018-11-27,2.498959939583333,19.521988960416664,16.423459002083327,1019.7612808020835,0.6701920197916662,0.3224457874999999,0.4345663374999999,146.17579054895828,0.2797265572916667,65.75224479578941,121.83093207473677,0.07406569270833326,0.0568382052083333,1.4166666666666667,1.75,2.09375,6.2233200333333345,12.569559931578945,26.31957366315789,14.397492399999988,25.197578400000065
2018-11-28,3.6297036625000003,17.45986635520833,16.09636993229165,1019.3861859895834,1.183789407291667,0.3884150395833334,0.11453982291666653,190.52618090520835,0.4160049072916665,115.32398528124993,82.41183299578944,0.01965459999999999,0.019052912499999998,1.0,1.4166666666666667,2.59375,4.844632263541665,9.165439407291665,34.54133930105261,13.967002899999983,20.769660899999973
2018-11-29,3.3659975343749995,16.96352089062499,16.096883470833323,1016.3918457708327,1.0512140583333331,0.4491223093749995,0.07474136354166666,192.10117721458346,0.3810319302083332,108.889899140625,82.71155385789474,0.060596464583333225,0.06046365208333337,1.0208333333333333,1.5520833333333333,2.4479166666666665,4.951708568749998,10.153822699999997,37.433624199999976,13.333922399999983,19.901994699999978
2018-11-30,3.606566098958332,18.540639050000006,17.564570917647053,1010.7029070000002,2.9245229958333323,2.153768748958333,14.870120829761907,173.64228263229154,0.5965930270833334,777.604941065625,132.39105154512197,0.07098165312499992,0.1546429114583334,1.2291666666666667,2.2916666666666665,3.4270833333333335,5.083484317708335,13.067772700000004,38.10079640243901,13.856424300000006,22.68813900000003
2018-12-01,7.111361031249998,13.093605042708331,10.988665283333331,1017.7032527864586,4.649933611458333,5.865078018750001,0.3781055552083333,294.6464965354167,0.8903985031249991,941.6230231645828,233.8408933083333,-0.0006267489583333305,-0.0010962166666666667,1.1875,2.90625,1.3333333333333333,4.060838408333335,9.168757164583333,11.967672601041665,10.181995400000003,39.294647199999964
2018-12-02,3.0668230531249994,11.052632360416666,9.758330403125003,1019.0163230968748,0.9419655718749994,0.5583288427083329,0.7531564374999999,270.383341471875,0.32849891041666673,122.20960549062501,86.34864270729163,0.046598720833333364,0.03756997083333332,1.3333333333333333,1.84375,1.53125,6.423282929166665,19.64601001458333,17.009247447916646,6.782645699999993,14.448202099999973
2018-12-03,4.124720887499999,12.854670273958329,7.667959687012987,1009.6110172229169,1.5477652885416668,0.484399627083333,0.7567898324675326,272.7994578270834,0.435734539583333,129.82780885625002,126.04580933636359,0.062018737500000004,0.05921075833333328,1.5,3.0625,3.5729166666666665,6.305545847916668,15.98831331249999,31.825218529870128,6.57685900000001,16.217874500000033
2018-12-04,4.504334883333332,15.025024779166662,7.840607117647058,1008.6005096447916,1.5078310937499995,0.4600532218749999,0.15431355294117644,282.06352425312497,0.490664778125,139.31011818210524,70.55540050980382,-0.00872204583333334,-0.008720148958333328,1.0,3.3125,5.770833333333333,4.439412002083335,9.539919997894735,36.10065332352941,11.301853199999995,18.044294399999966
2018-12-05,4.287429348958335,14.412858207291658,8.60625262948718,1016.6068471291665,1.470435595833333,0.40852538645833314,0.8671626756410254,289.23528575520817,0.45632431874999985,115.30136717311834,74.09352631447365,0.017925017708333334,0.015208141666666668,1.0416666666666667,2.7916666666666665,3.7395833333333335,4.584352807291667,9.027317398924732,36.31122354605261,10.496313099999979,18.337678899999965
2018-12-06,4.899194553125,11.214424666666659,6.468479049999999,1024.7646827677079,1.9878806093749992,0.4838077260416667,0.12002496354166658,278.42862351979153,0.5395747624999998,113.22472578854162,81.23045607083328,0.010268389583333332,0.008221350000000002,1.0520833333333333,1.875,1.2916666666666667,4.685194457291666,9.357955348958333,14.215200730208322,7.479768300000008,13.802038199999904
2018-12-07,1.7411419354166664,13.111466315625,10.036111766666666,1022.9441013333322,0.6780951885416665,0.5819242166666666,0.721079608695652,110.74852391874997,0.2048829312499999,102.90227235760864,169.78328490869552,0.018375355208333256,-0.0002281458333333208,1.5625,2.6354166666666665,3.78125,9.699911839583333,12.454183656521737,136.18582843188403,3.6630058000000036,21.52294920000003
2018-12-08,4.391598206249999,18.957367013541667,11.301132267647054,1014.4247137697915,1.6213428208333325,0.26639643958333314,0.2633552470588234,80.58389059791661,0.4755556093749998,66.65906656458328,162.40580366764704,0.005125401041666664,0.004151854166666665,1.0,2.4791666666666665,3.5416666666666665,4.350446472916668,9.797276481249998,14.096255933823532,10.687635399999984,26.4428139
2018-12-09,3.489238022916668,19.43211007812499,10.613619058333327,1009.694658915625,1.8387062854166658,0.255541871875,3.578482106944444,102.17688918229162,0.45721945104166667,398.60159213645835,185.36654553999998,0.051764829166666644,0.043328148958333285,1.25,2.9270833333333335,4.260416666666667,5.00602869375,13.665668547916658,30.66759316,14.034154899999983,28.917539600000044
2018-12-10,3.4672155229166655,20.372351501041663,16.112703303124984,1011.1034196187502,1.1011723604166666,0.25906295,0.26285490729166666,96.87102160624998,0.3635832906249999,51.754340746874966,168.32371288749997,0.10595081979166664,0.09306555312499998,1.28125,1.9583333333333333,1.4791666666666667,4.552873861458333,17.258871092708336,15.224646882291658,13.526071499999967,29.84790609999997
2018-12-11,1.9981732291666667,20.815423037499993,18.760668324999997,1009.7676563260412,0.4689612416666664,0.112798971875,10.787681297916663,169.93481525416658,0.21648111354166658,10.638924756249997,87.73569470937495,0.25418423124999995,0.2011166541666667,1.8125,2.5833333333333335,2.3333333333333335,7.26599009583333,16.81824976354167,38.041309465625,15.682784999999981,27.60256960000001
2018-12-12,2.2987097839999997,15.986424941333329,11.567648783999996,1013.1559747052078,0.4541651026666665,0.21501963866666657,7.589997687999997,229.52305321333324,0.2277979613333333,36.88479108133331,75.39306774459455,0.19413441333333326,0.17672857733333336,3.0729166666666665,3.8020833333333335,3.5729166666666665,5.9037379040000015,12.837747846666662,24.361224210810803,11.557714499999982,21.051494600000023
2018-12-13,3.3456154123595496,16.741906178651686,9.098544247252748,1012.8396879833339,1.0933920168539326,0.08498371460674155,0.3752495395604396,153.185657535955,0.3655508674157304,-8.103828126966297,57.22898328089886,0.1005946280898876,0.09678649213483144,1.75,2.9375,2.5520833333333335,4.589801498876403,13.146459040449438,21.222979908988744,10.788629499999985,21.683074999999963
2018-12-14,3.423132436666666,18.092043672222214,9.753732358695649,1005.7133401166666,1.2672571244444437,0.34111680777777764,0.8616041516483512,186.3657961311111,0.3928976233333332,49.31091309666664,91.87624189775275,-0.062035420000000015,-0.06837287111111114,1.7395833333333333,2.6666666666666665,2.7604166666666665,5.690994139999998,18.59282199222222,40.328193480898875,13.221725500000026,24.99309919999997
2018-12-15,3.963775423333333,19.20053801888889,8.388162414130434,1012.5745919520832,1.3165204644444435,0.23514278333333316,0.11260006413043477,49.15562523888888,0.41572938222222205,48.08231342555557,117.75090304555553,0.016657118888888864,0.0145166711111111,1.5208333333333333,2.21875,1.8333333333333333,4.16435071111111,9.295956915555553,20.626903596666658,10.405393600000018,27.024801300000025
2018-12-16,5.23630918478261,23.88156806521738,10.675484151612903,1008.9338944718749,2.337704034782608,0.17221312934782604,0.1109428663043478,78.19906179999997,0.5479312119565216,45.057351332608675,125.21852520326087,0.016487830434782604,0.01527498043478261,1.3958333333333333,2.6458333333333335,1.5520833333333333,4.326657394565216,9.697324626086955,11.634009358695646,15.061108599999976,31.42613410000001
2018-12-17,5.6485409666666655,15.801565284946234,9.636221220212756,1014.1496213260415,2.8351247225806446,0.2715543021505376,0.04667503655913978,258.8009371989246,0.6478637634408602,86.48020643763435,60.129313796774184,0.017582080645161275,0.01636293010752686,1.4479166666666667,2.9791666666666665,1.78125,4.748236398924729,10.088915795698915,16.21735842258063,12.09687329999999,22.03176690000004
2018-12-18,3.313102901075269,15.129670927956983,8.44262964042553,1020.4329630531248,1.1261350892473114,0.6994247860215049,0.045370274193548374,204.2287207139785,0.39005869354838707,130.29795957526878,82.38398506559138,-0.037046209677419326,-0.038750066666666645,1.25,1.8020833333333333,1.3333333333333333,5.167281532258064,11.300951683870963,12.658855170967739,11.212086699999993,18.523477599999982
2018-12-19,3.211067979166667,17.957660014583343,11.563295672916665,1012.9801038145833,1.0605830302083326,0.48677240104166614,0.07068389374999995,146.80900867291663,0.3616808781249999,107.52554370729166,75.0106210833333,-0.053864117708333374,-0.059872706250000025,1.3958333333333333,1.875,1.7916666666666667,5.140419511458332,10.745722836458334,21.684376456249993,10.55347819999998,22.458602899999985
2018-12-20,3.3188491239583335,19.91165715624999,11.74574546666665,1008.2161216760413,1.06633695625,0.29193073020833343,0.4498224625,163.79888296666664,0.3816788197916665,78.5538946614583,49.442571590624965,0.001233184374999997,0.000662763541666664,1.0,1.6875,2.7604166666666665,4.803797739583332,14.175071141666665,44.261730021874996,16.977315899999898,25.043098399999973
2018-12-21,3.037782996153846,18.30607831923076,3.9148502222222215,1007.2018902192306,0.7727734115384615,0.005886861538461533,2.3880302999999996,209.91767531153846,0.33184457692307695,-6.219018930769222,0.20131233333333395,0.009695065384615382,0.009485815384615385,1.1538461538461537,3.576923076923077,7.384615384615385,6.193287892307691,11.25447146538461,133.58121914444445,17.8070411999999,18.807519899999992
